Adaptive_immunity,Angiogenesis,Cancer_driver_genes,Cell_cycle_and_apoptosis,Chromatin_modification,DNA_repair,Epithelial-mesenchymal_transition,Extracellular_matrix,Hedgehog_pathway,Humoral_immunity,Inflammation,Innate_immunity,JAK-STAT_pathway,MAPK_pathway,Metastasis,Notch_pathway,PI3K_pathway,RAS_pathway,TGFB_pathway,Transcriptional_misregulation,Wnt_pathway
ALCAM,Angiogenesis,,,,,,,,,,,,,,,,,,,
CD22,Angiogenesis,,,,,,,,,,,,,,,,,,,
CD37,Angiogenesis,,,,,,,,,,,,,,,,,,,
CD38,Angiogenesis,,,,,,,,,,,,,,,,,,,
CD3D,Angiogenesis,,,,,,,,,,,,,,,,,,,
CD3E,Angiogenesis,,,,,,,,,,,,,,,,,,,
CD3EAP,Angiogenesis,,,,,,,,,,,,,,,,,,,
CD3G,Angiogenesis,,,,,,,,,,,,,,,,,,,
CD40,Angiogenesis,,,,,,,,,,,,,,,,,,,Wnt_pathway
CD40LG,Angiogenesis,,,,,,,,,,,,,,,,,,,
CD5,Angiogenesis,,,,,,,,,,,,,,,,,,,
CD53,Angiogenesis,,,,,,,,,,,,,,,,,,,
CD58,Angiogenesis,,,,,,,,,,,,,,,,,,,
CD6,Angiogenesis,,,,,,,,,,,,,,,,,,,
CD7,Angiogenesis,,,,,,,,,,,,,,,,,,,
CD70,Angiogenesis,,,,,,,,,,,,,,,,,,,
CD74,Angiogenesis,,,,,,,,,,,,,,,,,,,
CD79A,Angiogenesis,,,,,,,,,,,,,,,,,,,
CD79B,Angiogenesis,,,,,,,,,,,,,,,,,,,
CD80,Angiogenesis,,,,,,,,,,,,,,,,,,,
CD81,Angiogenesis,,,,,,,,,,,,,,,,,,,
CD86,Angiogenesis,,,,,,,,,,,,,,,,,,,
CD8A,Angiogenesis,,,,,,,,,,,,,,,,,,,
CD8B,Angiogenesis,,,,,,,,,,,,,,,,,,,
CSF2RB,Angiogenesis,,,,,,Extracellular_matrix,,,,,,,,,,,,,
CTLA4,Angiogenesis,,,,,,,,,,,,,,,,,,,
CTSH,Angiogenesis,Cancer_driver_genes,,,,,Extracellular_matrix,,,,,,,,,,,,,
CTSL,Angiogenesis,,,,,,,,,,,,,,Notch_pathway,,,,,
CTSS,Angiogenesis,,,,,,,,,,,,,,,,,,,
CX3CL1,Angiogenesis,Cancer_driver_genes,,,,,,,,,,,,,,,,,,
CX3CR1,Angiogenesis,,,,,,,,,,,,,,,,,,,
CXCL11,Angiogenesis,,,,,,,Hedgehog_pathway,,,,,,,,,,,,
CXCL16,Angiogenesis,,,,,,,,,,,,,,,,,,,
CXCR3,Angiogenesis,Cancer_driver_genes,,,,,,,,,,,,,,,,,,
CXCR4,Angiogenesis,,,,,,Extracellular_matrix,Hedgehog_pathway,,,,,,,Notch_pathway,,,,,
CXCR5,Angiogenesis,,,,,,,,,,,,,,,,,,,
ENTPD1,Angiogenesis,,,,,,,,,,,,,,,,,,,
GNLY,Angiogenesis,,,,,,,,,,,,,,,,,,,
GZMA,Angiogenesis,,,,,,,,,,,,,,,,,,,
GZMB,Angiogenesis,,,,,,,,,,,,,,,,,,,Wnt_pathway
GZMH,Angiogenesis,,,,,,,,,,,,,,,,,,,
HLA-A,Angiogenesis,,,,,,,,,,,,,,,,,,,
HLA-B,Angiogenesis,,,,,,,,,,,,,,,,,,,
HLA-C,Angiogenesis,,,,,,,,,,,,,,,,,,,
HLA-DMA,Angiogenesis,,,,,,,,,,,,,,,,,,,
HLA-DMB,Angiogenesis,,,,,,,,,,,,,,,,,,,
HLA-DOB,Angiogenesis,,,,,,,,,,,,,,,,,,,
HLA-DPA1,Angiogenesis,,,,,,,,,,,,,,,,,,,
HLA-DPB1,Angiogenesis,,,,,,,,,,,,,,Notch_pathway,,,,,
HLA-DQA1,Angiogenesis,,,,,,,,,,,,,,,,,,,
HLA-DQB1,Angiogenesis,,,,,,,,,,,,,,,,,,,
HLA-DRA,Angiogenesis,,,,,,,,,,,,,,,,,,,
HLA-DRB3,Angiogenesis,,,,,,,,,,,,,,,,,,,
HLA-DRB4,Angiogenesis,,,,,,,,,,,,,,,,,,,
ICOS,Angiogenesis,,,,,,,,,,,,,,,,,,,
ICOSLG,Angiogenesis,,,,,,,,,,,,,,,,,,,
IL12A,Angiogenesis,,,,,,,,,,,,MAPK_pathway,,,,,,,
IL12B,Angiogenesis,,,,,,,,,,,,MAPK_pathway,,,,,,,
IL12RB1,Angiogenesis,,,,,,,,,,,,,,,,,,,
IL12RB2,Angiogenesis,,,,,,,,,,,,MAPK_pathway,,,,,,,
IL15,Angiogenesis,Cancer_driver_genes,,,,,,,,,,,MAPK_pathway,,,,,,,
IL15RA,Angiogenesis,,,,,,,,,,,,,,,,,,,
IL2,Angiogenesis,,,,,,,,,,,,,,,,,,,
IL21,Angiogenesis,,,,,,,,,,,,,,,,,,,
IL21R,Angiogenesis,,,,,,,,,,,,,,,,,,,
IL2RB,Angiogenesis,,,,,,,,,,,,MAPK_pathway,,,,RAS_pathway,,,Wnt_pathway
IL2RG,Angiogenesis,,,,,,,,,,,,,,,,,,,
IL7R,Angiogenesis,,,,,,,,,,,,MAPK_pathway,,,,RAS_pathway,,,
ITK,Angiogenesis,,,,,,,,,,,,,,,,,,,
JAM3,Angiogenesis,Cancer_driver_genes,,,,,Extracellular_matrix,,,,,,,,,,,,,
LAG3,Angiogenesis,,,,,,,,,,,,,,,,,,,
LY9,Angiogenesis,,,,,,,,,,,,,,,,,,,
PDCD1LG2,Angiogenesis,,,,,,,,,,,,,,,,,,,
PRF1,Angiogenesis,,,,,,Extracellular_matrix,,,,,,,,Notch_pathway,,,,,
PSMB9,Angiogenesis,,,,,,,,,,,,,,,,,,,
RAG1,Angiogenesis,,,,,,,,,,,,,,,,,,,
SLAMF1,Angiogenesis,,,,,,,,,,,,,,,,,,,
STAT4,Angiogenesis,,,,,,,,,,,,MAPK_pathway,,,,,,,
STAT5B,Angiogenesis,,,,,,,,,,,,,,,,,,,
STAT6,Angiogenesis,,,,,,,,,,,,,,,,,,,
TAL1,Angiogenesis,Cancer_driver_genes,,,,,,,,,,,,,,,,,,
TIGIT,Angiogenesis,,,,,,,,,,,,,,,,,,,
TNFRSF11A,Angiogenesis,,,,,,,,,,,,,,,,,,,
TXK,Angiogenesis,,,,,,,,,,,,,,,,,,,
ZAP70,Angiogenesis,,,,,,,,,,,,,,,,,,,
CCL15,Angiogenesis,,,,,,,,,,Innate_immunity,,,,,,,,,
CXCL14,Angiogenesis,,,,,,,,,,Innate_immunity,,,,,,,,,
CXCL9,Angiogenesis,,,,,,,,,,Innate_immunity,,,,,,,,,
FCER2,Angiogenesis,,,,,,,,,,Innate_immunity,,,,,,,,,
IL2RA,Angiogenesis,,,,,,,,,,Innate_immunity,,MAPK_pathway,,,,RAS_pathway,,,
CXCL13,Angiogenesis,Cancer_driver_genes,,,,,Extracellular_matrix,,,Inflammation,Innate_immunity,,,,,,,,,
CXCL10,Angiogenesis,Cancer_driver_genes,,,,,,,,,Innate_immunity,JAK-STAT_pathway,,,,,,,,
IFNG,Angiogenesis,,,,,,,Hedgehog_pathway,,Inflammation,,,MAPK_pathway,,Notch_pathway,,,,Transcriptional_misregulation,
IL7,Angiogenesis,,,,,,,,,Inflammation,,,MAPK_pathway,,,,RAS_pathway,,,
PDCD1,Angiogenesis,,,,,,,,,Inflammation,,,,,,,,,,
IFNB1,Angiogenesis,,,,,,,,,Inflammation,,JAK-STAT_pathway,,,,,,,,
BCL10,Angiogenesis,,,,,,,,,,,JAK-STAT_pathway,,,,,,,,
BTK,Angiogenesis,,,,,,,,,,,JAK-STAT_pathway,,,,,,,,
CD4,Angiogenesis,,,,,,,,,,,JAK-STAT_pathway,,,,,,,,
GZMK,Angiogenesis,,,,,,Extracellular_matrix,,,,,JAK-STAT_pathway,,,,,,,,
GZMM,Angiogenesis,,,,,,,,,,,JAK-STAT_pathway,,,,,,,,
PIK3CD,Angiogenesis,Cancer_driver_genes,,Chromatin_modification,,,,,,,,JAK-STAT_pathway,MAPK_pathway,,Notch_pathway,,RAS_pathway,TGFB_pathway,,
PIK3CG,Angiogenesis,Cancer_driver_genes,,Chromatin_modification,,,,,,,,JAK-STAT_pathway,MAPK_pathway,,Notch_pathway,,RAS_pathway,TGFB_pathway,,
SYK,Angiogenesis,Cancer_driver_genes,,,,,,,,,,JAK-STAT_pathway,,,Notch_pathway,,RAS_pathway,,,
AAMP,,Cancer_driver_genes,,,,,,,,,,,,,,,,,,
ACVRL1,,Cancer_driver_genes,,,,,,Hedgehog_pathway,,,,,,,,,,,,
ADAM15,,Cancer_driver_genes,,,,,,Hedgehog_pathway,,,,,,,,,,,,
ADAM8,,Cancer_driver_genes,,,,,,Hedgehog_pathway,,,,,,,,,,,,
ADD1,,Cancer_driver_genes,,,,,,,,,,,,,,,,,,
ADM2,,Cancer_driver_genes,,,,,,,,,,,,,,,,,,
ADRA2B,,Cancer_driver_genes,,,,,,,,,,,,,,,,,,
AGGF1,,Cancer_driver_genes,,,,,,,,,,,,,,,,,,
AGT,,Cancer_driver_genes,,,,,,Hedgehog_pathway,,,,,,,,,,,,
AKT1,,Cancer_driver_genes,Cell_cycle_and_apoptosis,Chromatin_modification,,,Extracellular_matrix,,,,,,MAPK_pathway,Metastasis,Notch_pathway,,RAS_pathway,TGFB_pathway,,
AKT2,,Cancer_driver_genes,,Chromatin_modification,,,,,,,,,MAPK_pathway,Metastasis,Notch_pathway,,RAS_pathway,TGFB_pathway,,
AKT3,,Cancer_driver_genes,,Chromatin_modification,,,Extracellular_matrix,,,,,,MAPK_pathway,Metastasis,Notch_pathway,,RAS_pathway,TGFB_pathway,,
ANG,,Cancer_driver_genes,,,,,,Hedgehog_pathway,,,,,,,,,,,,
ANGPT1,,Cancer_driver_genes,,,,,,,,,,,,,Notch_pathway,,RAS_pathway,TGFB_pathway,,
ANGPT2,,Cancer_driver_genes,,,,,,,,,,,,,Notch_pathway,,,,,
ANGPTL4,,Cancer_driver_genes,,,,,,,,,,,,,,,,,,
ANPEP,,Cancer_driver_genes,,,,,,,,,,,,,,,,,,
ANXA2P2,,Cancer_driver_genes,,,,,,Hedgehog_pathway,,,,,,,,,,,,
APOD,,Cancer_driver_genes,,,,,,,,,,,,,,,,,,
APOH,,Cancer_driver_genes,,,,,,Hedgehog_pathway,,,,,,,,,,,,
AQP1,,Cancer_driver_genes,,,,,,,,,,,,,,,,,,
ATPIF1,,Cancer_driver_genes,,,,,,,,,,,,,,,,,,
BAD,,Cancer_driver_genes,,Chromatin_modification,,,,,,,,,,,,,RAS_pathway,TGFB_pathway,,
BAI1,,Cancer_driver_genes,,,,,,,,,,,,,,,,,,
BAI3,,Cancer_driver_genes,,,,,,,,,,,,,,,,,,
BMP4,,Cancer_driver_genes,,,,,,Hedgehog_pathway,Humoral_immunity,,,,,,,,,,Transcriptional_misregulation,
BMPER,,Cancer_driver_genes,,,,,,,,,,,,,,,,,,
BTG1,,Cancer_driver_genes,,,,,,,,,,,,,,,,,,
C3,,Cancer_driver_genes,,,,,,,,,,JAK-STAT_pathway,,,,,,,,
C3AR1,,Cancer_driver_genes,,,,,,,,,Innate_immunity,,,,,,,,,
CALCRL,,Cancer_driver_genes,,,,,,,,,,,,,,,,,,
CAMP,,Cancer_driver_genes,,,,,,,,,Innate_immunity,,,,,,,,,
CASP8,,Cancer_driver_genes,Cell_cycle_and_apoptosis,Chromatin_modification,,,,,,,,JAK-STAT_pathway,,,Notch_pathway,,,,,
CAV1,,Cancer_driver_genes,,,,,Extracellular_matrix,,,,,,,,,,,,,
CCBE1,,Cancer_driver_genes,,,,,,Hedgehog_pathway,,,,,,,,,,,,
CCL11,,Cancer_driver_genes,,,,,,Hedgehog_pathway,,,Innate_immunity,,,,,,,,,
CCR2,,Cancer_driver_genes,,,,,,Hedgehog_pathway,,,Innate_immunity,,,,,,,,,
CCR3,,Cancer_driver_genes,,,,,,,,,,,,,,,,,,
CD34,,Cancer_driver_genes,,,,,,,,,,,,,,,,,,
CDC42,,Cancer_driver_genes,,,,,,,,,,,,,,,,,,
CDH13,,Cancer_driver_genes,,,,,,,,,,,,,,,,,,
CEACAM1,,Cancer_driver_genes,,,,,Extracellular_matrix,,,,,,,,,,,,,
CHI3L1,,Cancer_driver_genes,,,,,,,,,,,,,,,,,,
CHP1,,Cancer_driver_genes,,,,,,,,,,,,,,,,,,
CHP2,,Cancer_driver_genes,,,,,,,,,,,,,,,,,,
CHR 7,,Cancer_driver_genes,,,,,,,,,,,,,,,,,,
CIB1,,Cancer_driver_genes,,,,,,,,,,,,,,,,,,
CLIC4,,Cancer_driver_genes,,,,,Extracellular_matrix,,,,,,,,,,,,,
CMA1,,Cancer_driver_genes,,,,,,Hedgehog_pathway,,,Innate_immunity,,,,,,,,,
COL18A1,,Cancer_driver_genes,,,,,,Hedgehog_pathway,,,,,,,,,,,,
COL4A2,,Cancer_driver_genes,,,,,,Hedgehog_pathway,,,,,,,Notch_pathway,,,,,
CSPG4,,Cancer_driver_genes,,,,,,,,,,,,,,,,,,
CTNNB1,,Cancer_driver_genes,Cell_cycle_and_apoptosis,,,,Extracellular_matrix,,,,,,,,,,,,,
CXCL17,,Cancer_driver_genes,,,,,,,,,,,,,,,,,,
CXCL8,,Cancer_driver_genes,,,,,,Hedgehog_pathway,,,,,,,,,,,,
CYP1B1,,Cancer_driver_genes,,,,,Extracellular_matrix,,,,,,,,,,,,,
DICER1,,Cancer_driver_genes,,,,,,,,,,,,,,,,,,
DLL4,,Cancer_driver_genes,,,,,,,,,,,,,,PI3K_pathway,,,,
ECM1,,Cancer_driver_genes,,,,,,Hedgehog_pathway,,,,,,,,,,,,
ECSCR,,Cancer_driver_genes,,,,,,,,,,,,,,,,,,
EGF,,Cancer_driver_genes,,,,,,Hedgehog_pathway,,,,,,Metastasis,Notch_pathway,,RAS_pathway,TGFB_pathway,,
EGFL7,,Cancer_driver_genes,,,,,,Hedgehog_pathway,,,,,,,,,,,,
EIF2AK3,,Cancer_driver_genes,,,,,,,,,,,,,,,,,,
ELK3,,Cancer_driver_genes,,,,,,,,,,,,,,,,,,
EMCN,,Cancer_driver_genes,,,,,,,,,,,,,,,,,,
ENPEP,,Cancer_driver_genes,,,,,,,,,,,,,,,,,,
EPAS1,,Cancer_driver_genes,,,,,,,,,,,,,,,,,,
EPHA1,,Cancer_driver_genes,,,,,Extracellular_matrix,,,,,,,,,,,,,
EPHA2,,Cancer_driver_genes,,,,,,,,,,,,,,,RAS_pathway,TGFB_pathway,,
EPHB1,,Cancer_driver_genes,,,,,,,,,,,,,,,,,,
EPHB3,,Cancer_driver_genes,,,,,,,,,,,,,,,,,,
EPHB4,,Cancer_driver_genes,,,,,,,,,,,,,,,,,,
ERBB2,,Cancer_driver_genes,Cell_cycle_and_apoptosis,,,,Extracellular_matrix,,,,,,,,Notch_pathway,,,,,
EREG,,Cancer_driver_genes,,,,,,,,,,,,,,,,,,
F3,,Cancer_driver_genes,,,,,,Hedgehog_pathway,,,,,,,,,,,,
FAP,,Cancer_driver_genes,,,,,Extracellular_matrix,,,,,,,,,,,,,
FASLG,,Cancer_driver_genes,,Chromatin_modification,,,,,,,,,,Metastasis,,,RAS_pathway,TGFB_pathway,,
FGF18,,Cancer_driver_genes,,,,,,,,,,,,Metastasis,,,RAS_pathway,TGFB_pathway,,
FGF2,,Cancer_driver_genes,,,,,,Hedgehog_pathway,,,,,,Metastasis,,,RAS_pathway,TGFB_pathway,,
FGF9,,Cancer_driver_genes,,,,,,Hedgehog_pathway,,,,,,Metastasis,,,RAS_pathway,TGFB_pathway,,
FGFR1,,Cancer_driver_genes,,,,,,,,,,,,Metastasis,,,RAS_pathway,TGFB_pathway,,
FGFR2,,Cancer_driver_genes,Cell_cycle_and_apoptosis,,,,,Hedgehog_pathway,,,,,,Metastasis,,,RAS_pathway,TGFB_pathway,,
FIGF,,Cancer_driver_genes,,,,,,,,,,,,,,,RAS_pathway,TGFB_pathway,,
FLT1,,Cancer_driver_genes,,,,,,,,,,,,,Notch_pathway,,RAS_pathway,TGFB_pathway,,Wnt_pathway
FLT4,,Cancer_driver_genes,,,,,,,,,,,,,Notch_pathway,,,,,
FN1,,Cancer_driver_genes,,,,,Extracellular_matrix,Hedgehog_pathway,,,,,,,Notch_pathway,,RAS_pathway,,,
FOXC2,,Cancer_driver_genes,,,,,Extracellular_matrix,,,,,,,,,,,,,
FOXO4,,Cancer_driver_genes,,,,,,,,,,,,,,,,TGFB_pathway,,
GATA4,,Cancer_driver_genes,,,,,,,,,,,,,,,,,,
GJA5,,Cancer_driver_genes,,,,,,,,,,,,,,,,,,
GPI,,Cancer_driver_genes,,,,,,,,Inflammation,,,,,,,,,,
GPR124,,Cancer_driver_genes,,,,,,,,,,,,,,,,,,
GPR56,,Cancer_driver_genes,,,,,Extracellular_matrix,,,,,,,,,,,,,
GPX1,,Cancer_driver_genes,,,,,,,,,,,,,,,,,,
GREM1,,Cancer_driver_genes,,,,,Extracellular_matrix,Hedgehog_pathway,,,,,,,,,,,,
GTF2I,,Cancer_driver_genes,,,,,,,,,,,,,,,,,,
HDAC5,,Cancer_driver_genes,,,DNA_repair,,,,,,,,,,,,,,,
HGF,,Cancer_driver_genes,,,,,,Hedgehog_pathway,,,,,,,Notch_pathway,,RAS_pathway,TGFB_pathway,,
HIF1A,,Cancer_driver_genes,,,,,,Hedgehog_pathway,,,,,,,Notch_pathway,,,,,
HIPK1,,Cancer_driver_genes,,,,,,,,,,,,,,,,,,
HIPK2,,Cancer_driver_genes,,,,,,,,,,,,,,,,,,
HMOX1,,Cancer_driver_genes,,,,,,,,,,,,,Notch_pathway,,,,,
HOXA5,,Cancer_driver_genes,,,,,,,,,,,,,,,,,,
HOXA7,,Cancer_driver_genes,,,,,,,,,,,,,,,,,,
HOXB13,,Cancer_driver_genes,,,,,,,,,,,,,,,,,,
HOXB3,,Cancer_driver_genes,,,,,,,,,,,,,,,,,,
HPSE,,Cancer_driver_genes,,,,,,,,,,,,,Notch_pathway,,,,,
HRAS,,Cancer_driver_genes,Cell_cycle_and_apoptosis,,,,,,,,,,,Metastasis,Notch_pathway,,RAS_pathway,TGFB_pathway,,
HSPB1,,Cancer_driver_genes,,,,,,,,,,,,Metastasis,,,,,,
HSPG2,,Cancer_driver_genes,,,,,,Hedgehog_pathway,,,,,,,,,,,,
ID1,,Cancer_driver_genes,,,,,,Hedgehog_pathway,,,,,,,,,,,Transcriptional_misregulation,
IL18,,Cancer_driver_genes,,,,,,,,,,,,,Notch_pathway,,,,,
IL1A,,Cancer_driver_genes,,Chromatin_modification,,,,Hedgehog_pathway,,,Innate_immunity,JAK-STAT_pathway,,Metastasis,,,,,,
IL1B,,Cancer_driver_genes,,Chromatin_modification,,,,Hedgehog_pathway,,,Innate_immunity,JAK-STAT_pathway,,Metastasis,Notch_pathway,,,,,
IL6,,Cancer_driver_genes,,,,,,,,Inflammation,,,MAPK_pathway,,Notch_pathway,,RAS_pathway,,,Wnt_pathway
ISL1,,Cancer_driver_genes,,,,,,,,,,,,,,,,,,
ITGA5,,Cancer_driver_genes,,,,,Extracellular_matrix,Hedgehog_pathway,,,,JAK-STAT_pathway,,,,,,,,
ITGB1,,Cancer_driver_genes,,,,,Extracellular_matrix,Hedgehog_pathway,,,,,,,,,,,,
ITGB1BP1,,Cancer_driver_genes,,,,,,,,,,,,,,,,,,
ITGB3,,Cancer_driver_genes,,,,,,Hedgehog_pathway,,,,,,,Notch_pathway,,RAS_pathway,,,
JAG1,,Cancer_driver_genes,,,,,Extracellular_matrix,,,,,,,,,PI3K_pathway,,,,
JUN,,Cancer_driver_genes,,,,,,,,,,,,Metastasis,,,,,,
KDR,,Cancer_driver_genes,,,,,,,,,,,,,,,,,,
KLK3,,Cancer_driver_genes,,,,,,,,,,,,,,,,,,
KRAS,,Cancer_driver_genes,Cell_cycle_and_apoptosis,,,,,,,,,,,Metastasis,Notch_pathway,,RAS_pathway,TGFB_pathway,,
KRIT1,,Cancer_driver_genes,,,,,,,,,,,,,,,,,,
KRT1,,Cancer_driver_genes,,,,,,Hedgehog_pathway,,,,,,,,,,,,
LAMA5,,Cancer_driver_genes,,,,,,Hedgehog_pathway,,,,,,,,,RAS_pathway,,,
LOXL2,,Cancer_driver_genes,,,,,Extracellular_matrix,Hedgehog_pathway,,,,,,,,,,,,
LRG1,,Cancer_driver_genes,,,,,,,,,,,,,,,,,,
MAP2K1,,Cancer_driver_genes,Cell_cycle_and_apoptosis,,,,,,,,,JAK-STAT_pathway,,Metastasis,Notch_pathway,,RAS_pathway,TGFB_pathway,,
MAP2K2,,Cancer_driver_genes,,,,,,,,,,JAK-STAT_pathway,,Metastasis,Notch_pathway,,RAS_pathway,TGFB_pathway,,
MAP3K7,,Cancer_driver_genes,,,,,,,,,,JAK-STAT_pathway,,,,,,,,
MAPK1,,Cancer_driver_genes,,,,,,Hedgehog_pathway,,,,JAK-STAT_pathway,,Metastasis,Notch_pathway,,RAS_pathway,TGFB_pathway,Transcriptional_misregulation,
MAPK3,,Cancer_driver_genes,,,,,,Hedgehog_pathway,,,,JAK-STAT_pathway,,Metastasis,Notch_pathway,,RAS_pathway,TGFB_pathway,Transcriptional_misregulation,
MAPKAPK3,,Cancer_driver_genes,,,,,,,,,,,,,,,,,,
MCAM,,Cancer_driver_genes,,,,,,,,,,,,,Notch_pathway,,,,,
MED1,,Cancer_driver_genes,,,,,,,,,,,,,,,,,,
MEG3,,Cancer_driver_genes,,,,,,,,,,,,,,,,,,
MEOX2,,Cancer_driver_genes,,,,,Extracellular_matrix,,,,,,,,,,,,,
MMP14,,Cancer_driver_genes,,,,,,Hedgehog_pathway,,,,,,,,,,,,
MMP2,,Cancer_driver_genes,,,,,Extracellular_matrix,Hedgehog_pathway,,,,,,,Notch_pathway,,,,,
MMRN2,,Cancer_driver_genes,,,,,,Hedgehog_pathway,,,,,,,,,,,,
MTDH,,Cancer_driver_genes,,,,,,,,,,,,,,,,,,
 A15,,Cancer_driver_genes,,,,,,,,,,,,,,,,,,
NCL,,Cancer_driver_genes,,,,,,,,,,,,,,,,,,
NF1,,Cancer_driver_genes,Cell_cycle_and_apoptosis,,,,,,,,,,,Metastasis,,,,TGFB_pathway,,
NFAT5,,Cancer_driver_genes,,,,,,,,,,,,,,,,,,
NFATC2,,Cancer_driver_genes,,,,,,,,,,,,,,,,,,
NODAL,,Cancer_driver_genes,,,,,Extracellular_matrix,Hedgehog_pathway,,,,,,,,,,,Transcriptional_misregulation,
NOS3,,Cancer_driver_genes,,,,,,,,,,,,,Notch_pathway,,RAS_pathway,,,
NOTCH1,,Cancer_driver_genes,Cell_cycle_and_apoptosis,,,,Extracellular_matrix,,,,,,,,,PI3K_pathway,,,,
NOX5,,Cancer_driver_genes,,,,,,,,,,,,,,,,,,
NPR1,,Cancer_driver_genes,,,,,,,,,,,,,,,,,,
NR4A1,,Cancer_driver_genes,,,,,,,,,,,,Metastasis,Notch_pathway,,RAS_pathway,,,
NRCAM,,Cancer_driver_genes,,,,,,,,,,,,,,,,,,
NRP1,,Cancer_driver_genes,,,,,,,,,,,,,,,,,,
NRP2,,Cancer_driver_genes,,,,,,,,,,,,,,,,,,
NRXN1,,Cancer_driver_genes,,,,,,,,,,,,,,,,,,
NRXN3,,Cancer_driver_genes,,,,,,,,,,,,,,,,,,
NTRK1,,Cancer_driver_genes,,Chromatin_modification,,,,,,,,,,Metastasis,,,,,,Wnt_pathway
OVOL2,,Cancer_driver_genes,,,,,Extracellular_matrix,,,,,,,,,,,,,
PDCD10,,Cancer_driver_genes,,,,,,,,,,,,,,,,,,
PDCL3,,Cancer_driver_genes,,,,,,,,,,,,,,,,,,
PDGFA,,Cancer_driver_genes,,,,,,Hedgehog_pathway,,,,,,Metastasis,,,RAS_pathway,TGFB_pathway,,Wnt_pathway
PDGFRB,,Cancer_driver_genes,,,,,Extracellular_matrix,,,,,,,Metastasis,,,RAS_pathway,TGFB_pathway,,
PDPN,,Cancer_driver_genes,,,,,,,,,,,,,,,,,,
PIK3CA,,Cancer_driver_genes,Cell_cycle_and_apoptosis,Chromatin_modification,,,,,,,,,MAPK_pathway,,Notch_pathway,,RAS_pathway,TGFB_pathway,,
PIK3R1,,Cancer_driver_genes,Cell_cycle_and_apoptosis,Chromatin_modification,,,,,,,,,MAPK_pathway,,Notch_pathway,,RAS_pathway,TGFB_pathway,,
PIK3R2,,Cancer_driver_genes,,Chromatin_modification,,,,,,,,,MAPK_pathway,,Notch_pathway,,RAS_pathway,TGFB_pathway,,
PIK3R5,,Cancer_driver_genes,,Chromatin_modification,,,,,,,,,MAPK_pathway,,Notch_pathway,,RAS_pathway,TGFB_pathway,,
PIK3R6,,Cancer_driver_genes,,,,,,,,,,,,,,,,,,
PKNOX1,,Cancer_driver_genes,,,,,,,,,,,,,,,,,,
PLA2G10,,Cancer_driver_genes,,,,,,,,,,,,,,,,TGFB_pathway,,
PLA2G2A,,Cancer_driver_genes,,,,,,,,,,,,,,,,TGFB_pathway,,
PLA2G2D,,Cancer_driver_genes,,,,,,,,,,,,,,,,,,
PLA2G3,,Cancer_driver_genes,,,,,,,,,,,,,,,,TGFB_pathway,,
PLCG1,,Cancer_driver_genes,,,,,,,,,,,,,Notch_pathway,,,,,
PLCG2,,Cancer_driver_genes,,,,,,,,,,,,,Notch_pathway,,,TGFB_pathway,,
PLXDC1,,Cancer_driver_genes,,,,,,,,,,,,,,,,,,
PLXND1,,Cancer_driver_genes,,,,,,,,,,,,,,,,,,
PNPLA6,,Cancer_driver_genes,,,,,,,,,,,,,,,,,,
PPP1R16B,,Cancer_driver_genes,,,,,,,,,,,,,,,,,,
PPP3R1,,Cancer_driver_genes,,Chromatin_modification,,,,,,,,,,Metastasis,,,,,,
PRKCB,,Cancer_driver_genes,,,,,,,,,,,,Metastasis,Notch_pathway,,,TGFB_pathway,,
PRKCG,,Cancer_driver_genes,,,,,,,,,,,,Metastasis,Notch_pathway,,,TGFB_pathway,,
PROK2,,Cancer_driver_genes,,,,,,,,,,,,,,,,,,
PTEN,,Cancer_driver_genes,Cell_cycle_and_apoptosis,,,,,,,,,,,,Notch_pathway,,RAS_pathway,,,
PTGIS,,Cancer_driver_genes,,,,,Extracellular_matrix,,,,,,,,,,,,,
PTGS2,,Cancer_driver_genes,,,,,,,,,,,,,,,,,,
PTK2,,Cancer_driver_genes,,,,,Extracellular_matrix,Hedgehog_pathway,,,,,,,,,,,,
PTK2B,,Cancer_driver_genes,,,,,,,,,,,,,,,,,,
PTPRB,,Cancer_driver_genes,,,,,,,,,,,,,,,,,,
PTPRM,,Cancer_driver_genes,,,,,,,,,,,,,,,,,,
RAC1,,Cancer_driver_genes,,,,,Extracellular_matrix,,,,,,,Metastasis,,,RAS_pathway,TGFB_pathway,,
RAC2,,Cancer_driver_genes,,,,,,,,,,,,Metastasis,,,,TGFB_pathway,,
RAF1,,Cancer_driver_genes,,,,,,,,,,,,Metastasis,,,RAS_pathway,TGFB_pathway,,
RAMP1,,Cancer_driver_genes,,,,,,,,,,,,,,,,,,
RAMP2,,Cancer_driver_genes,,,,,,,,,,,,,,,,,,
RBPJ,,Cancer_driver_genes,,,,,,,,,,,,,,,,,,
RGCC,,Cancer_driver_genes,,,,,,,,,,,,,,,,,,
RNH1,,Cancer_driver_genes,,,,,,,,,,,,,,,,,,
ROBO4,,Cancer_driver_genes,,,,,,,,,,,,,,,,,,
ROCK1,,Cancer_driver_genes,,,,,,Hedgehog_pathway,,,,,,,,,,,,
ROCK2,,Cancer_driver_genes,,,,,,Hedgehog_pathway,,,,,,,,,,,,
RORA,,Cancer_driver_genes,,,,,,,,,,,,,,,,,,
RRAS,,Cancer_driver_genes,,,,,,,,,,,,,,,,,,
RTN4,,Cancer_driver_genes,,,,,,,,,,,,,,,,,,
RUNX1,,Cancer_driver_genes,Cell_cycle_and_apoptosis,,,,,Hedgehog_pathway,,,,,,,Notch_pathway,,,,,Wnt_pathway
S100A7,,Cancer_driver_genes,,,,,,,,,,JAK-STAT_pathway,,,,,,,,
S1PR1,,Cancer_driver_genes,,,,,,,,,,,,,,,,,,
SCG2,,Cancer_driver_genes,,,,,,,,,,,,,,,,,,
SEMA3E,,Cancer_driver_genes,,,,,,,,,,,,,,,,,,
SERPINE1,,Cancer_driver_genes,,,,,Extracellular_matrix,Hedgehog_pathway,,,,,,,Notch_pathway,,,,,
SERPINF1,,Cancer_driver_genes,,,,,Extracellular_matrix,Hedgehog_pathway,,,,,,,,,,,,
SETD2,,Cancer_driver_genes,Cell_cycle_and_apoptosis,,,,,,,,,,,,,,,,,
SFRP1,,Cancer_driver_genes,,,,,Extracellular_matrix,Hedgehog_pathway,,,,,,,,,,,,
SFRP2,,Cancer_driver_genes,,,,,,Hedgehog_pathway,,,,,,,,,,,,
SHB,,Cancer_driver_genes,,,,,,,,,,,,,,,,,,
SIRT1,,Cancer_driver_genes,,,,,,,,,,,,,,,,,,
SLC12A6,,Cancer_driver_genes,,,,,,,,,,,,,,,,,,
SLIT2,,Cancer_driver_genes,,,,,Extracellular_matrix,,,,,,,,,,,,,
SOX17,,Cancer_driver_genes,,,,,,,,,,,,,,,,,,
SPARC,,Cancer_driver_genes,,,,,Extracellular_matrix,Hedgehog_pathway,,,,,,,,,,,,
SPHK2,,Cancer_driver_genes,,,,,,,,,,,,,,,,,,
SPINK5,,Cancer_driver_genes,,,,,,,,,,,,,,,,,,
SRC,,Cancer_driver_genes,,,,,,,,,,,,,Notch_pathway,,,,,
SRF,,Cancer_driver_genes,,,,,,,,,,,,,,,,,,
SRPK2,,Cancer_driver_genes,,,,,,,,,,,,,,,,,,
SRPX2,,Cancer_driver_genes,,,,,,,,,,,,,,,,,,
STAB1,,Cancer_driver_genes,,,,,,,,,,,,,,,,,,
STAB2,,Cancer_driver_genes,,,,,,,,,,,,,,,,,,
STAT1,,Cancer_driver_genes,,,,,,,,,,JAK-STAT_pathway,MAPK_pathway,,,,,,,
SULF1,,Cancer_driver_genes,,,,,,,,,,,,,,,,,,
TBX1,,Cancer_driver_genes,,,,,,,,,,,,,,,,,,
TBX4,,Cancer_driver_genes,,,,,,,,,,,,,,,,,,
TBXA2R,,Cancer_driver_genes,,,,,,,,,,,,,,,,,,
TDGF1,,Cancer_driver_genes,,,,,,,,,,,,,,,,,,
TEK,,Cancer_driver_genes,,,,,,,,,,,,,Notch_pathway,,,,,
TGFB2,,Cancer_driver_genes,,Chromatin_modification,,,Extracellular_matrix,Hedgehog_pathway,,,,,,Metastasis,,,,,Transcriptional_misregulation,
TGFBI,,Cancer_driver_genes,,,,,,Hedgehog_pathway,,,,,,,,,,,,
TGFBR2,,Cancer_driver_genes,,,,,Extracellular_matrix,Hedgehog_pathway,,,,,,Metastasis,,,,,Transcriptional_misregulation,Wnt_pathway
THBS1,,Cancer_driver_genes,,,,,,Hedgehog_pathway,,,Innate_immunity,,,,,,RAS_pathway,,Transcriptional_misregulation,
THBS2,,Cancer_driver_genes,,,,,,Hedgehog_pathway,,,,,,,,,,,,
THBS4,,Cancer_driver_genes,,,,,,Hedgehog_pathway,,,,,,,,,RAS_pathway,,,
THY1,,Cancer_driver_genes,,,,,,,,,,,,,,,,,,
TIE1,,Cancer_driver_genes,,,,,,,,,,,,,,,,,,
TMEM100,,Cancer_driver_genes,,,,,,,,,,,,,,,,,,
TMPRSS6,,Cancer_driver_genes,,,,,,,,,,,,,,,,,,
TNFRSF12A,,Cancer_driver_genes,,,,,,,,,,,,,,,,,,
TNFRSF1A,,Cancer_driver_genes,,,,,,,,,,,,,,,,,,
TNFSF12,,Cancer_driver_genes,,,,,,,,,,,,,,,,,,
TNMD,,Cancer_driver_genes,,,,,,,,,,,,,,,,,,
TWIST1,,Cancer_driver_genes,,,,,Extracellular_matrix,,,,,,,,Notch_pathway,,,,,
TYMP,,Cancer_driver_genes,,,,,,,,,,,,,,,,,,
UTS2,,Cancer_driver_genes,,,,,,,,,,,,,,,,,,
VASH1,,Cancer_driver_genes,,,,,,,,,,,,,,,,,,
VAV2,,Cancer_driver_genes,,,,,,,,,,,,,,,,,,
VAV3,,Cancer_driver_genes,,,,,Extracellular_matrix,,,,,,,,,,,,,
VEGFA,,Cancer_driver_genes,,,,,,Hedgehog_pathway,,,,,,,Notch_pathway,,RAS_pathway,TGFB_pathway,,
VEGFB,,Cancer_driver_genes,,,,,,Hedgehog_pathway,,,,,,,,,,,,
VEGFC,,Cancer_driver_genes,,,,,,,,,,,,,,,RAS_pathway,TGFB_pathway,,
VEZF1,,Cancer_driver_genes,,,,,,,,,,,,,,,,,,
WARS,,Cancer_driver_genes,,,,,,,,,,,,,,,,,,
WNT5A,,Cancer_driver_genes,,,,,Extracellular_matrix,,Humoral_immunity,,,,,,,,,,,
ZC3H12A,,Cancer_driver_genes,,,,,,,,,,,,,,,,,,
ABL1,,,Cell_cycle_and_apoptosis,Chromatin_modification,,,,,,,,,,,,,,TGFB_pathway,,
ACVR1B,,,Cell_cycle_and_apoptosis,,,,,,,,,,,,,,,,Transcriptional_misregulation,
ALK,,,Cell_cycle_and_apoptosis,,,,,,,,,,,,,,,,,
AMER1,,,Cell_cycle_and_apoptosis,,,,,,,,,,,,,,,,,
APC,,,Cell_cycle_and_apoptosis,,,,,,,,,,,,Notch_pathway,,,,,
AR,,,Cell_cycle_and_apoptosis,,,,,,,,,,,,,,,,,
ARID1A,,,Cell_cycle_and_apoptosis,,DNA_repair,,,,,,,,,,,,,,,
ARID1B,,,Cell_cycle_and_apoptosis,,,,,,,,,,,,,,,,,
ARID2,,,Cell_cycle_and_apoptosis,,,,,,,,,,,,,,,,,
ASXL1,,,Cell_cycle_and_apoptosis,,,,,,,,,,,,,,,,,
ATM,,,Cell_cycle_and_apoptosis,Chromatin_modification,,Epithelial-mesenchymal_transition,,,,,,,,,,,,,,Wnt_pathway
ATRX,,,Cell_cycle_and_apoptosis,,,,,,,,,,,,,,,,,
AXIN1,,,Cell_cycle_and_apoptosis,,,,,,,,,,,,,,,,,
B2M,,,Cell_cycle_and_apoptosis,,,,,,,,,,,,,,,,,
BAP1,,,Cell_cycle_and_apoptosis,,,,,,,,,,,,,,,,,
BCL2,,,Cell_cycle_and_apoptosis,Chromatin_modification,,,,,,,,,,,,,RAS_pathway,,,
BCOR,,,Cell_cycle_and_apoptosis,,,,,,,,,,,,,,,,,
BRAF,,,Cell_cycle_and_apoptosis,,,,,,,,,,,Metastasis,,,,,,
BRCA1,,,Cell_cycle_and_apoptosis,,,Epithelial-mesenchymal_transition,,,,,,,,,,,RAS_pathway,,,
BRCA2,,,Cell_cycle_and_apoptosis,,,Epithelial-mesenchymal_transition,,,,,,,,,,,,,,
CARD11,,,Cell_cycle_and_apoptosis,,,,,,,,,,,,,,,,,
CBL,,,Cell_cycle_and_apoptosis,,,,,,,,,,MAPK_pathway,,,,,,,
CDH1,,,Cell_cycle_and_apoptosis,,,,Extracellular_matrix,Hedgehog_pathway,,,,,,,Notch_pathway,,,,,
CDKN2A,,,Cell_cycle_and_apoptosis,Chromatin_modification,,,,,,,,,,,Notch_pathway,,,,,
CEBPA,,,Cell_cycle_and_apoptosis,,,,,,,,,,,,,,,,,Wnt_pathway
CIC,,,Cell_cycle_and_apoptosis,,,,,,,,,,,,,,,,,
CREBBP,,,Cell_cycle_and_apoptosis,Chromatin_modification,DNA_repair,,,Hedgehog_pathway,,,,JAK-STAT_pathway,MAPK_pathway,,Notch_pathway,PI3K_pathway,,,Transcriptional_misregulation,
CRLF2,,,Cell_cycle_and_apoptosis,,,,,,,,,,MAPK_pathway,,,,,,,
CSF1R,,,Cell_cycle_and_apoptosis,,,,,,,,,JAK-STAT_pathway,,,,,RAS_pathway,TGFB_pathway,,Wnt_pathway
CYLD,,,Cell_cycle_and_apoptosis,,,,,,,,,JAK-STAT_pathway,,,,,,,,
DAXX,,,Cell_cycle_and_apoptosis,,,,,,,,,,,Metastasis,,,,,,
DNMT1,,,Cell_cycle_and_apoptosis,,,,,,,,,,,,,,,,,
DNMT3A,,,Cell_cycle_and_apoptosis,,,,,,,,,,,,,,,,,
EGFR,,,Cell_cycle_and_apoptosis,,,,Extracellular_matrix,,,,,,,Metastasis,Notch_pathway,,RAS_pathway,TGFB_pathway,,
EP300,,,Cell_cycle_and_apoptosis,Chromatin_modification,,,,Hedgehog_pathway,,,,JAK-STAT_pathway,MAPK_pathway,,Notch_pathway,PI3K_pathway,,,Transcriptional_misregulation,
EZH2,,,Cell_cycle_and_apoptosis,,,,,,,,,,,,,,,,,
FBXW7,,,Cell_cycle_and_apoptosis,,,,,,,,,,,,,,,,,
FGFR3,,,Cell_cycle_and_apoptosis,,,,Extracellular_matrix,,,,,,,Metastasis,,,RAS_pathway,TGFB_pathway,,
FLT3,,,Cell_cycle_and_apoptosis,,,,,,,,,,,,,,,,,Wnt_pathway
FOXL2,,,Cell_cycle_and_apoptosis,,,,,,,,,,,,,,,,,
FUBP1,,,Cell_cycle_and_apoptosis,,,,,,,,,,,,,,,,,
GATA1,,,Cell_cycle_and_apoptosis,,,,,,,,,,,,,,,,,
GATA2,,,Cell_cycle_and_apoptosis,,,,,,,,,,,,,,,,,
GATA3,,,Cell_cycle_and_apoptosis,,,,,,,,,,,,,,,,,
GNA11,,,Cell_cycle_and_apoptosis,,,,,,,,,,,,,,,,,
GNAQ,,,Cell_cycle_and_apoptosis,,,,,,,,,,,,,,,,,
GNAS,,,Cell_cycle_and_apoptosis,,,,,,,,,,,,,,,,,
H3F3A,,,Cell_cycle_and_apoptosis,,,,,,,,,,,,,,,,,Wnt_pathway
HIST1H3B,,,Cell_cycle_and_apoptosis,,,,,,,,,,,,,,,,,Wnt_pathway
HNF1A,,,Cell_cycle_and_apoptosis,,,,,,,,,,,,,,,,,
IDH1,,,Cell_cycle_and_apoptosis,,,,,,,,,,,,,,,,,
IDH2,,,Cell_cycle_and_apoptosis,,,,,,,,,,,,,,,,,
JAK1,,,Cell_cycle_and_apoptosis,,,,,,,,,JAK-STAT_pathway,MAPK_pathway,,,,RAS_pathway,,,
JAK2,,,Cell_cycle_and_apoptosis,,,,,,,,,JAK-STAT_pathway,MAPK_pathway,,,,RAS_pathway,,,
JAK3,,,Cell_cycle_and_apoptosis,,,,,,,,,JAK-STAT_pathway,MAPK_pathway,,,,RAS_pathway,,,
KDM5C,,,Cell_cycle_and_apoptosis,,,,,,,,,,,,,,,,,
KDM6A,,,Cell_cycle_and_apoptosis,,,,,,,,,,,,,,,,,Wnt_pathway
KIT,,,Cell_cycle_and_apoptosis,,,,,,,,,,,,,,RAS_pathway,TGFB_pathway,,
KLF4,,,Cell_cycle_and_apoptosis,,,,,,,,,,,,,,,,,
KMT2C,,,Cell_cycle_and_apoptosis,,,,,,,,,,,,,,,,,
KMT2D,,,Cell_cycle_and_apoptosis,,,,,,,,,,,,,,,,,
MAP3K1,,,Cell_cycle_and_apoptosis,,,,,,,,,JAK-STAT_pathway,,Metastasis,,,,,,
MED12,,,Cell_cycle_and_apoptosis,,,,,,,,,,,,,,,,,
MEN1,,,Cell_cycle_and_apoptosis,,,,,,,,,,,,,,,,,Wnt_pathway
MET,,,Cell_cycle_and_apoptosis,,,,,,,,,,,,Notch_pathway,,RAS_pathway,TGFB_pathway,,Wnt_pathway
MLH1,,,Cell_cycle_and_apoptosis,,,,,,,,,,,,,,,,,
MPL,,,Cell_cycle_and_apoptosis,,,,,,,,,,MAPK_pathway,,,,,,,
MSH2,,,Cell_cycle_and_apoptosis,,,,,,,,,,,,,,,,,
MSH6,,,Cell_cycle_and_apoptosis,,,,,,,,,,,,,,,,,
MYD88,,,Cell_cycle_and_apoptosis,Chromatin_modification,,,,,,,,JAK-STAT_pathway,,,,,,,,
NCOR1,,,Cell_cycle_and_apoptosis,,,,,,,,,,,,,,,,,Wnt_pathway
NF2,,,Cell_cycle_and_apoptosis,,,,,,,,,,,,Notch_pathway,,,,,
NFE2L2,,,Cell_cycle_and_apoptosis,,,,,,,,,,,,,,,,,
NOTCH2,,,Cell_cycle_and_apoptosis,,,,,,,,,,,,,PI3K_pathway,,,,
NPM1,,,Cell_cycle_and_apoptosis,,,,,,,,,,,,,,,,,
NRAS,,,Cell_cycle_and_apoptosis,,,,,,,,,,,Metastasis,,,RAS_pathway,TGFB_pathway,,
PAX5,,,Cell_cycle_and_apoptosis,,,,,,,Inflammation,,,,,,,,,,Wnt_pathway
PBRM1,,,Cell_cycle_and_apoptosis,,,,,,,,,,,,,,,,,
PDGFRA,,,Cell_cycle_and_apoptosis,,,,,,,,,,,Metastasis,,,RAS_pathway,TGFB_pathway,,
PHF6,,,Cell_cycle_and_apoptosis,,,,,,,,,,,,,,,,,
PPP2R1A,,,Cell_cycle_and_apoptosis,,,,,Hedgehog_pathway,,,,,,,,,RAS_pathway,,Transcriptional_misregulation,
PRDM1,,,Cell_cycle_and_apoptosis,,,,,,,,,,,,,,,,,
PTCH1,,,Cell_cycle_and_apoptosis,,,,,,Humoral_immunity,,,,,,,,,,,
PTPN11,,,Cell_cycle_and_apoptosis,,,,,,,,,,MAPK_pathway,,,,,TGFB_pathway,,
RB1,,,Cell_cycle_and_apoptosis,Chromatin_modification,,,,,,,,,,,Notch_pathway,,,,,
RET,,,Cell_cycle_and_apoptosis,,,,,,,,,,,,,,,,,
RNF43,,,Cell_cycle_and_apoptosis,,,,,,,,,,,,,,,,,
SETBP1,,,Cell_cycle_and_apoptosis,,,,,,,,,,,,,,,,,
SF3B1,,,Cell_cycle_and_apoptosis,,,,,,,,,,,,,,,,,
SMAD2,,,Cell_cycle_and_apoptosis,Chromatin_modification,,,Extracellular_matrix,Hedgehog_pathway,,,,,,,Notch_pathway,,,,Transcriptional_misregulation,
SMAD4,,,Cell_cycle_and_apoptosis,Chromatin_modification,,,,Hedgehog_pathway,,,,,,,Notch_pathway,,,,Transcriptional_misregulation,
SMARCA4,,,Cell_cycle_and_apoptosis,,,,,,,,,,,,,,,,,
SMARCB1,,,Cell_cycle_and_apoptosis,,,,,,,,,,,,,,,,,
SMO,,,Cell_cycle_and_apoptosis,,,,,,Humoral_immunity,,,,,,,,,,,
SOCS1,,,Cell_cycle_and_apoptosis,,,,,,,,,,MAPK_pathway,,,,,,,
SOX9,,,Cell_cycle_and_apoptosis,,,,Extracellular_matrix,,,,,,,,Notch_pathway,,,,,
SPOP,,,Cell_cycle_and_apoptosis,,,,,,,,,,,,,,,,,
SRSF2,,,Cell_cycle_and_apoptosis,,,,,,,,,,,,,,,,,
STAG2,,,Cell_cycle_and_apoptosis,Chromatin_modification,,,,,,,,,,,,,,,,
STK11,,,Cell_cycle_and_apoptosis,,,,,,,,,,,,,,RAS_pathway,,,
TET2,,,Cell_cycle_and_apoptosis,,,,,,,,,,,,,,,,,
TNFAIP3,,,Cell_cycle_and_apoptosis,,,,,,,,,JAK-STAT_pathway,,,,,,,,
TP53,,,Cell_cycle_and_apoptosis,Chromatin_modification,,,,,,,,,,Metastasis,Notch_pathway,,RAS_pathway,,,Wnt_pathway
TRAF7,,,Cell_cycle_and_apoptosis,,,,,,,,,,,,,,,,,
TSC1,,,Cell_cycle_and_apoptosis,,,,,,,,,,,,,,RAS_pathway,,,
TSHR,,,Cell_cycle_and_apoptosis,,,,,,,,,,,,Notch_pathway,,,,,
U2AF1,,,Cell_cycle_and_apoptosis,,,,,,,,,,,,,,,,,
VHL,,,Cell_cycle_and_apoptosis,,,,,,,,,,,,Notch_pathway,,,,,
WT1,,,Cell_cycle_and_apoptosis,,,,,,,,,,,,,,,,,Wnt_pathway
ATR,,,,Chromatin_modification,,,,,,,,,,,,,,,,
BAX,,,,Chromatin_modification,,,,,,,,,,,,,,,,
BCL2L1,,,,Chromatin_modification,,,,,,,,JAK-STAT_pathway,MAPK_pathway,,,,RAS_pathway,TGFB_pathway,,Wnt_pathway
BID,,,,Chromatin_modification,,,,,,,,,,,,,,,,
BIRC3,,,,Chromatin_modification,,,,,,,,,,,,,,,,Wnt_pathway
BIRC7,,,,Chromatin_modification,,,,,,,,,,,,,,,,
CAPN2,,,,Chromatin_modification,,,,,,,,,,,,,,,,
CASP10,,,,Chromatin_modification,,,,,,,,JAK-STAT_pathway,,,,,,,,
CASP12,,,,Chromatin_modification,,,,,,,,,,,,,,,,
CASP3,,,,Chromatin_modification,,,,,,,,,,Metastasis,,,,,,
CASP7,,,,Chromatin_modification,,,,,,,,,,,,,,,,
CASP9,,,,Chromatin_modification,,,,,,,,,,,,,RAS_pathway,,,
CCNA1,,,,Chromatin_modification,,,,,,,,,,,,,,,,Wnt_pathway
CCNA2,,,,Chromatin_modification,,,,,,,,,,,,,,,,
CCNB1,,,,Chromatin_modification,,,,,,,,,,,,,,,,
CCNB3,,,,Chromatin_modification,,,,,,,,,,,,,,,,
CCND1,,,,Chromatin_modification,,,,,,,,,MAPK_pathway,,,,RAS_pathway,,,
CCND2,,,,Chromatin_modification,,,,,,,,,MAPK_pathway,,,,RAS_pathway,,,Wnt_pathway
CCND3,,,,Chromatin_modification,,,,,,,,,MAPK_pathway,,,,RAS_pathway,,,
CCNE1,,,,Chromatin_modification,,,,,,,,,,,,,RAS_pathway,,,
CCNE2,,,,Chromatin_modification,,,,,,,,,,,,,RAS_pathway,,,
CDC14A,,,,Chromatin_modification,,,,,,,,,,,,,,,,
CDC14B,,,,Chromatin_modification,,,,,,,,,,,,,,,,
CDC25A,,,,Chromatin_modification,,,,,,,,,,,,,,,,
CDC25B,,,,Chromatin_modification,,,,,,,,,,Metastasis,,,,,,
CDC25C,,,,Chromatin_modification,,,,,,,,,,,,,,,,
CDC6,,,,Chromatin_modification,,,,,,,,,,,,,,,,
CDC7,,,,Chromatin_modification,,,,,,,,,,,,,,,,
CDK2,,,,Chromatin_modification,,,,,,,,,,,,,RAS_pathway,,,
CDK4,,,,Chromatin_modification,,,,,,,,,,,,,RAS_pathway,,,
CDK6,,,,Chromatin_modification,,,,,,,,,,,,,RAS_pathway,,,
CDKN1A,,,,Chromatin_modification,,,,,,,,,,,Notch_pathway,,RAS_pathway,,,Wnt_pathway
CDKN1B,,,,Chromatin_modification,,,,,,,,,,,,,RAS_pathway,,,Wnt_pathway
CDKN1C,,,,Chromatin_modification,,,,,,,,,,,,,,,,
CDKN2B,,,,Chromatin_modification,,,,,,,,,,,,,,,Transcriptional_misregulation,
CDKN2C,,,,Chromatin_modification,,,,,,,,,,,,,,,,Wnt_pathway
CDKN2D,,,,Chromatin_modification,,,,,,,,,,,,,,,,
CHEK1,,,,Chromatin_modification,,,,,,,,,,,,,,,,
CHEK2,,,,Chromatin_modification,,,,,,,,,,,,,,,,
CHUK,,,,Chromatin_modification,,,,,,,,JAK-STAT_pathway,,Metastasis,,,RAS_pathway,TGFB_pathway,,
CUL1,,,,Chromatin_modification,,,,Hedgehog_pathway,,,,,,,,,,,Transcriptional_misregulation,
E2F1,,,,Chromatin_modification,,,,,,,,,,,,,,,,
E2F5,,,,Chromatin_modification,,,,,,,,,,,,,,,Transcriptional_misregulation,
ENDOG,,,,Chromatin_modification,,,,,,,,,,,,,,,,
FAS,,,,Chromatin_modification,,,,,,,,,,Metastasis,,,,,,
GADD45A,,,,Chromatin_modification,,,,,,,,,,Metastasis,,,,,,
GADD45B,,,,Chromatin_modification,,,,,,,,,,Metastasis,,,,,,
GADD45G,,,,Chromatin_modification,,,,,,,,,,Metastasis,,,,,,
GSK3B,,,,Chromatin_modification,,,,,Humoral_immunity,,,,,,,,RAS_pathway,,,
HDAC1,,,,Chromatin_modification,DNA_repair,,,,,,,,,,,PI3K_pathway,,,,Wnt_pathway
HDAC2,,,,Chromatin_modification,DNA_repair,,,,,,,,,,,PI3K_pathway,,,,Wnt_pathway
IKBKB,,,,Chromatin_modification,,,,,,,,JAK-STAT_pathway,,Metastasis,,,RAS_pathway,TGFB_pathway,,
IKBKG,,,,Chromatin_modification,,,,,,,,JAK-STAT_pathway,,Metastasis,,,RAS_pathway,TGFB_pathway,,
IL1R1,,,,Chromatin_modification,,,,,,,,JAK-STAT_pathway,,Metastasis,,,,,,
IL1RAP,,,,Chromatin_modification,,,,,,,,JAK-STAT_pathway,,,,,,,,
IL3,,,,Chromatin_modification,,,,,,,,,MAPK_pathway,,,,RAS_pathway,,,Wnt_pathway
IL3RA,,,,Chromatin_modification,,,,,,,,,MAPK_pathway,,,,RAS_pathway,,,
IRAK2,,,,Chromatin_modification,,,,,,,,JAK-STAT_pathway,,,,,,,,
IRAK3,,,,Chromatin_modification,,,,,,,,,,,,,,,,
MAD2L2,,,,Chromatin_modification,,Epithelial-mesenchymal_transition,,,,,,,,,,,,,,
MAP3K14,,,,Chromatin_modification,,,,,,,,,,Metastasis,,,,,,
MCM2,,,,Chromatin_modification,,,,,,,,,,,,,,,,
MCM4,,,,Chromatin_modification,,,,,,,,,,,,,,,,
MCM5,,,,Chromatin_modification,,,,,,,,,,,,,,,,
MCM7,,,,Chromatin_modification,,,,,,,,,,,,,,,,
MDM2,,,,Chromatin_modification,,,,,,,,,,,,,RAS_pathway,,,Wnt_pathway
MYC,,,,Chromatin_modification,,,,Hedgehog_pathway,,,,,MAPK_pathway,Metastasis,Notch_pathway,,RAS_pathway,,Transcriptional_misregulation,Wnt_pathway
NFKB1,,,,Chromatin_modification,,,,,,,,JAK-STAT_pathway,,Metastasis,Notch_pathway,,RAS_pathway,TGFB_pathway,,Wnt_pathway
NFKBIA,,,,Chromatin_modification,,,,,,,,JAK-STAT_pathway,,,,,,,,
NGF,,,,Chromatin_modification,,,,,,,,,,Metastasis,,,RAS_pathway,TGFB_pathway,,
PCNA,,,,Chromatin_modification,,Epithelial-mesenchymal_transition,,,,,,,,,,,,,,
PIK3CB,,,,Chromatin_modification,,,,,,,,,MAPK_pathway,,,,RAS_pathway,TGFB_pathway,,
PIK3R3,,,,Chromatin_modification,,,,,,,,,MAPK_pathway,,,,RAS_pathway,TGFB_pathway,,
PKMYT1,,,,Chromatin_modification,,,,,,,,,,,,,,,,
PPP3CA,,,,Chromatin_modification,,,,,,,,,,Metastasis,,,,,,
PPP3CB,,,,Chromatin_modification,,,,,,,,,,Metastasis,,,,,,
PPP3CC,,,,Chromatin_modification,,,,,,,,,,Metastasis,,,,,,
PPP3R2,,,,Chromatin_modification,,,,,,,,,,Metastasis,,,,,,
PRKACA,,,,Chromatin_modification,,,,,Humoral_immunity,,,,,Metastasis,,,,TGFB_pathway,,
PRKACB,,,,Chromatin_modification,,,,,Humoral_immunity,,,,,Metastasis,,,,TGFB_pathway,,
PRKACG,,,,Chromatin_modification,,,,,Humoral_immunity,,,,,Metastasis,,,,TGFB_pathway,,
PRKAR1B,,,,Chromatin_modification,,,,,,,,,,,,,,,,
PRKAR2A,,,,Chromatin_modification,,,,,,,,,,,,,,,,
PRKAR2B,,,,Chromatin_modification,,,,,,,,,,,,,,,,
PRKDC,,,,Chromatin_modification,,Epithelial-mesenchymal_transition,,,,,,,,,,,,,,
PRKX,,,,Chromatin_modification,,,,,Humoral_immunity,,,,,Metastasis,,,,TGFB_pathway,,
PTTG2,,,,Chromatin_modification,,,,,,,,,,,,,,,,
RAD21,,,,Chromatin_modification,,,,,,,,,,,,,,,,
RBX1,,,,Chromatin_modification,,,,Hedgehog_pathway,,,,,,,Notch_pathway,,,,Transcriptional_misregulation,
RELA,,,,Chromatin_modification,,,,,,,,JAK-STAT_pathway,,Metastasis,,,RAS_pathway,TGFB_pathway,,Wnt_pathway
SFN,,,,Chromatin_modification,,,,,,,,,,,,,,,,
SKP1,,,,Chromatin_modification,,,,Hedgehog_pathway,,,,,,,,,,,Transcriptional_misregulation,
SKP2,,,,Chromatin_modification,,,,,,,,,,,,,,,,
SMAD3,,,,Chromatin_modification,,,,Hedgehog_pathway,,,,,,,,,,,Transcriptional_misregulation,
SMC1A,,,,Chromatin_modification,,,,,,,,,,,,,,,,
SMC1B,,,,Chromatin_modification,,,,,,,,,,,,,,,,
SMC3,,,,Chromatin_modification,,,,Hedgehog_pathway,,,,,,,,,,,,
TFDP1,,,,Chromatin_modification,,,,Hedgehog_pathway,,,,,,,,,,,Transcriptional_misregulation,
TGFB1,,,,Chromatin_modification,,,Extracellular_matrix,Hedgehog_pathway,,,,,,Metastasis,Notch_pathway,,,,Transcriptional_misregulation,
TGFB3,,,,Chromatin_modification,,,,,,,,,,Metastasis,,,,,Transcriptional_misregulation,
TNF,,,,Chromatin_modification,,,,Hedgehog_pathway,,Inflammation,,,,Metastasis,,,,,Transcriptional_misregulation,
TNFRSF10A,,,,Chromatin_modification,,,,,,,,,,,,,,,,
TNFRSF10B,,,,Chromatin_modification,,,,,,,,,,,,,,,,
TNFRSF10C,,,,Chromatin_modification,,,,,,,,,,,,,,,,
TNFRSF10D,,,,Chromatin_modification,,,,,,,,,,,,,,,,
TNFSF10,,,,Chromatin_modification,,,,,,,,,,,Notch_pathway,,,,,
TTK,,,,Chromatin_modification,,,,,,,,,,,,,,,,
WEE1,,,,Chromatin_modification,,,,,,,,,,,,,,,,
BNIP3,,,,,DNA_repair,,,,,,,,,,,,,,,
HDAC10,,,,,DNA_repair,,,,,,,,,,,,,,,
HDAC11,,,,,DNA_repair,,,,,,,,,,,,,,,
HDAC4,,,,,DNA_repair,,,,,,,,,,,,,,,
HDAC6,,,,,DNA_repair,,,,,,,,,,,,,,,
HELLS,,,,,DNA_repair,,,,,,,,,,,,,,,
HMGA1,,,,,DNA_repair,,,,,,,,,,,,,,,
MAP3K12,,,,,DNA_repair,,,,,,,,,Metastasis,,,,,,
NASP,,,,,DNA_repair,,,,,,,,,,,,,,,
NPM2,,,,,DNA_repair,,,,,,,,,,,,,,,
NSD1,,,,,DNA_repair,,,,,,,,,,,,,,,
PPARGC1A,,,,,DNA_repair,,,,,,,,,,,,,,,
PRMT8,,,,,DNA_repair,,,,,,,,,,,,,,,
RPS6KA5,,,,,DNA_repair,,,,,,,,,Metastasis,,,,,,
SIRT4,,,,,DNA_repair,,,,,,,,,,,,,,,
SUV39H2,,,,,DNA_repair,,,,,,,,,,,,,,,
WHSC1L1,,,,,DNA_repair,,,,,,,,,,,,,,,
ALKBH2,,,,,,Epithelial-mesenchymal_transition,,,,,,,,,,,,,,
ALKBH3,,,,,,Epithelial-mesenchymal_transition,,,,,,,,,,,,,,
BRIP1,,,,,,Epithelial-mesenchymal_transition,,,,,,,,,,,,,,
C19orf40,,,,,,Epithelial-mesenchymal_transition,,,,,,,,,,,,,,
CCNO,,,,,,Epithelial-mesenchymal_transition,,,,,,,,,,,,,,
DDB2,,,,,,Epithelial-mesenchymal_transition,,,,,,,,,,,,,,
ERCC2,,,,,,Epithelial-mesenchymal_transition,,,,,,,,,,,,,,
ERCC6,,,,,,Epithelial-mesenchymal_transition,,,,,,,,,,,,,,
FANCA,,,,,,Epithelial-mesenchymal_transition,,,,,,,,,,,,,,
FANCB,,,,,,Epithelial-mesenchymal_transition,,,,,,,,,,,,,,
FANCC,,,,,,Epithelial-mesenchymal_transition,,,,,,,,,,,,,,
FANCE,,,,,,Epithelial-mesenchymal_transition,,,,,,,,,,,,,,
FANCF,,,,,,Epithelial-mesenchymal_transition,,,,,,,,,,,,,,
FANCG,,,,,,Epithelial-mesenchymal_transition,,,,,,,,,,,,,,
FANCL,,,,,,Epithelial-mesenchymal_transition,,,,,,,,,,,,,,
FEN1,,,,,,Epithelial-mesenchymal_transition,,,,,,,,,,,,,,
GTF2H3,,,,,,Epithelial-mesenchymal_transition,,,,,,,,,,,,,,
H2AFX,,,,,,Epithelial-mesenchymal_transition,,,,,,,,,,,,,,
LIG4,,,,,,Epithelial-mesenchymal_transition,,,,,,,,,,,,,,
MDC1,,,,,,Epithelial-mesenchymal_transition,,,,,,,,,,,,,,
MGMT,,,,,,Epithelial-mesenchymal_transition,,,,,,,,,,,,,,
MNAT1,,,,,,Epithelial-mesenchymal_transition,,,,,,,,,,,,,,
MUTYH,,,,,,Epithelial-mesenchymal_transition,,,,,,,,,,,,,,
NBN,,,,,,Epithelial-mesenchymal_transition,,,,,,,,,,,,,,
NTHL1,,,,,,Epithelial-mesenchymal_transition,,,,,,,,,,,,,,
POLB,,,,,,Epithelial-mesenchymal_transition,,,,,,,,,,,,,,
POLD1,,,,,,Epithelial-mesenchymal_transition,,,,,,,,,,,,,,
POLD4,,,,,,Epithelial-mesenchymal_transition,,,,,,,,,,,,,,
POLE2,,,,,,Epithelial-mesenchymal_transition,,,,,,,,,,,,,,
POLR2D,,,,,,Epithelial-mesenchymal_transition,,,,,,,,,,,,,,
POLR2H,,,,,,Epithelial-mesenchymal_transition,,,,,,,,,,,,,,
POLR2J,,,,,,Epithelial-mesenchymal_transition,,,,,,,,,,,,,,
RAD50,,,,,,Epithelial-mesenchymal_transition,,,,,,,,,,,,,,
RAD51,,,,,,Epithelial-mesenchymal_transition,,,,,,,,,,,,,,
RAD52,,,,,,Epithelial-mesenchymal_transition,,,,,,,,,,,,,,
RFC3,,,,,,Epithelial-mesenchymal_transition,,,,,,,,,,,,,,
RFC4,,,,,,Epithelial-mesenchymal_transition,,,,,,,,,,,,,,
RPA3,,,,,,Epithelial-mesenchymal_transition,,,,,,,,,,,,,,
RPS27A,,,,,,Epithelial-mesenchymal_transition,Extracellular_matrix,,,,,,,,,,,,,
UBB,,,,,,Epithelial-mesenchymal_transition,,,,,,,,,,,,,,
UBE2T,,,,,,Epithelial-mesenchymal_transition,,,,,,,,,,,,,,
XPA,,,,,,Epithelial-mesenchymal_transition,,,,,,,,,,,,,,
XRCC4,,,,,,Epithelial-mesenchymal_transition,,,,,,,,,,,,,,
ZBTB32,,,,,,Epithelial-mesenchymal_transition,,,,,,,,,,,,,,
ADAP1,,,,,,,Extracellular_matrix,,,,,,,,,,,,,
AGR2,,,,,,,Extracellular_matrix,,,,,,,,,,,,,
AHNAK,,,,,,,Extracellular_matrix,,,,,,,,,,,,,
AKAP12,,,,,,,Extracellular_matrix,,,,,,,,Notch_pathway,,,,,
AKAP2,,,,,,,Extracellular_matrix,,,,,,,,,,,,,
ALOX5,,,,,,,Extracellular_matrix,,,,,,,,,,,,,
ANGPTL2,,,,,,,Extracellular_matrix,,,,,,,,,,,,,
AP1M2,,,,,,,Extracellular_matrix,,,,,,,,,,,,,
ARAP2,,,,,,,Extracellular_matrix,,,,,,,,,,,,,
AREG,,,,,,,Extracellular_matrix,,,,,,,,,,,,,
ARHGAP32,,,,,,,Extracellular_matrix,,,,,,,,,,,,,
ARHGDIB,,,,,,,Extracellular_matrix,,,,,,,,Notch_pathway,,,,,
ASPN,,,,,,,Extracellular_matrix,Hedgehog_pathway,,,,,,,,,,,,
B3GNT3,,,,,,,Extracellular_matrix,,,,,,,,,,,,,
BAG2,,,,,,,Extracellular_matrix,,,,,,,,,,,,,
BCAS1,,,,,,,Extracellular_matrix,,,,,,,,,,,,,
BGN,,,,,,,Extracellular_matrix,Hedgehog_pathway,,,,,,,,,,,,
BICC1,,,,,,,Extracellular_matrix,,,,,,,,,,,,,
BMP7,,,,,,,Extracellular_matrix,Hedgehog_pathway,,,,,,,,,,,Transcriptional_misregulation,
BNC2,,,,,,,Extracellular_matrix,,,,,,,,,,,,,
C1S,,,,,,,Extracellular_matrix,,,,,JAK-STAT_pathway,,,,,,,,
CALD1,,,,,,,Extracellular_matrix,,,,,,,,,,,,,
CBLC,,,,,,,Extracellular_matrix,,,,,,MAPK_pathway,,,,,,,
CCL8,,,,,,,Extracellular_matrix,,,,Innate_immunity,,,,,,,,,
CD163,,,,,,,Extracellular_matrix,,,,,,,,,,,,,
CD24,,,,,,,Extracellular_matrix,,,,,,,,,,,,,
CD2AP,,,,,,,Extracellular_matrix,,,,,,,,,,,,,
CD44,,,,,,,Extracellular_matrix,Hedgehog_pathway,,,,,,,Notch_pathway,,,,,
CD46,,,,,,,Extracellular_matrix,,,,,JAK-STAT_pathway,,,,,,,,
CDH11,,,,,,,Extracellular_matrix,,,,,,,,Notch_pathway,,,,,
CDH2,,,,,,,Extracellular_matrix,,,,,,,,,,,,,
CDK14,,,,,,,Extracellular_matrix,,,,,,,,,,,,,
CDS1,,,,,,,Extracellular_matrix,,,,,,,,,,,,,
CEACAM5,,,,,,,Extracellular_matrix,,,,,,,,,,,,,
CEACAM6,,,,,,,Extracellular_matrix,,,,,,,,,,,,,
CEP170,,,,,,,Extracellular_matrix,,,,,,,,,,,,,
CGN,,,,,,,Extracellular_matrix,,,,,,,,,,,,,
CHRDL1,,,,,,,Extracellular_matrix,,,,,,,,,,,,,
CKMT1A,,,,,,,Extracellular_matrix,,,,,,,,,,,,,
CLDN3,,,,,,,Extracellular_matrix,,,,,,,,,,,,,
CLDN4,,,,,,,Extracellular_matrix,,,,,,,,,,,,,
CLDN7,,,,,,,Extracellular_matrix,,,,,,,,,,,,,
CLEC2B,,,,,,,Extracellular_matrix,,,,,,,,,,,,,
COL1A2,,,,,,,Extracellular_matrix,Hedgehog_pathway,,,,,,,Notch_pathway,,RAS_pathway,,,
COL3A1,,,,,,,Extracellular_matrix,Hedgehog_pathway,,,,,,,,,RAS_pathway,,,
COL5A2,,,,,,,Extracellular_matrix,Hedgehog_pathway,,,,,,,,,RAS_pathway,,,
COL6A1,,,,,,,Extracellular_matrix,Hedgehog_pathway,,,,,,,,,,,,
COL6A2,,,,,,,Extracellular_matrix,Hedgehog_pathway,,,,,,,,,,,,
CRISPLD2,,,,,,,Extracellular_matrix,Hedgehog_pathway,,,,,,,,,,,,
CTSK,,,,,,,Extracellular_matrix,,,,,,,,Notch_pathway,,,,,
CXADR,,,,,,,Extracellular_matrix,,,,,,,,,,,,,
CXCL12,,,,,,,Extracellular_matrix,,,,,,,,Notch_pathway,,,,,
CYB561,,,,,,,Extracellular_matrix,,,,,,,,,,,,,
DCN,,,,,,,Extracellular_matrix,Hedgehog_pathway,,,,,,,,,,,,
DDR2,,,,,,,Extracellular_matrix,,,,,,,,,,,,,
DENND5A,,,,,,,Extracellular_matrix,,,,,,,,,,,,,
DESI1,,,,,,,Extracellular_matrix,,,,,,,,,,,,,
DPT,,,,,,,Extracellular_matrix,Hedgehog_pathway,,,,,,,,,,,,
DPYSL3,,,,,,,Extracellular_matrix,,,,,,,,,,,,,
DSC2,,,,,,,Extracellular_matrix,,,,,,,,,,,,,
ECM2,,,,,,,Extracellular_matrix,Hedgehog_pathway,,,,,,,,,,,,
ELF3,,,,,,,Extracellular_matrix,,,,,,,,,,,,,
EMP3,,,,,,,Extracellular_matrix,,,,,,,,,,,,,
ENPP2,,,,,,,Extracellular_matrix,,,,,,,,,,,,,
EPCAM,,,,,,,Extracellular_matrix,,,,,,,,,,,,,
EPN3,,,,,,,Extracellular_matrix,,,,,,,,,,,,,
EPS8L1,,,,,,,Extracellular_matrix,,,,,,,,,,,,,
ERBB3,,,,,,,Extracellular_matrix,,,,,,,,,,,,,
ERMP1,,,,,,,Extracellular_matrix,,,,,,,,,,,,,
ESRP1,,,,,,,Extracellular_matrix,,,,,,,,,,,,,
EVI2A,,,,,,,Extracellular_matrix,,,,,,,,,,,,,
EVPL,,,,,,,Extracellular_matrix,,,,,,,,,,,,,
F11R,,,,,,,Extracellular_matrix,,,,,,,,,,,,,
FAM174B,,,,,,,Extracellular_matrix,,,,,,,,,,,,,
FBLN1,,,,,,,Extracellular_matrix,Hedgehog_pathway,,,,,,,,,,,,
FBN1,,,,,,,Extracellular_matrix,Hedgehog_pathway,,,,,,,,,,,,
FBP1,,,,,,,Extracellular_matrix,,,,,,,,,,,,,
FERMT2,,,,,,,Extracellular_matrix,,,,,,,,,,,,,
FGL2,,,,,,,Extracellular_matrix,,,,,,,,,,,,,
FHL1,,,,,,,Extracellular_matrix,,,,,,,,,,,,,
FLI1,,,,,,,Extracellular_matrix,,,,,,,,,,,,,
FSTL1,,,,,,,Extracellular_matrix,,,,,,,,,,,,,
FUT3,,,,,,,Extracellular_matrix,,,,,,,,,,,,,
FXYD6,,,,,,,Extracellular_matrix,,,,,,,,,,,,,
GALNT7,,,,,,,Extracellular_matrix,,,,,,,,,,,,,
GDF15,,,,,,,Extracellular_matrix,,,,,,,,,,,,,
GIMAP4,,,,,,,Extracellular_matrix,,,,,,,,,,,,,
GIMAP6,,,,,,,Extracellular_matrix,,,,,,,,,,,,,
GLYR1,,,,,,,Extracellular_matrix,,,,,,,,,,,,,
GRHL2,,,,,,,Extracellular_matrix,,,,,,,,,,,,,
HDHD3,,,,,,,Extracellular_matrix,,,,,,,,,,,,,
HEG1,,,,,,,Extracellular_matrix,,,,,,,,,,,,,
IGF1,,,,,,,Extracellular_matrix,,,,,,,,Notch_pathway,,RAS_pathway,TGFB_pathway,,Wnt_pathway
IGFBP4,,,,,,,Extracellular_matrix,,,,,,,,,,,,,
IL10RA,,,,,,,Extracellular_matrix,,,,,,,,,,,,,
IL1RN,,,,,,,Extracellular_matrix,,,,,,,,,,,,,
ILK,,,,,,,Extracellular_matrix,Hedgehog_pathway,,,,,,,,,,,,
IRF6,,,,,,,Extracellular_matrix,,,,,,,,,,,,,
ISLR,,,,,,,Extracellular_matrix,,,,,,,,,,,,,
ITGB4,,,,,,,Extracellular_matrix,Hedgehog_pathway,,,,,,,,,RAS_pathway,,,
ITGB6,,,,,,,Extracellular_matrix,Hedgehog_pathway,,,,,,,,,RAS_pathway,,,
ITM2A,,,,,,,Extracellular_matrix,,,,,,,,,,,,,
JAM2,,,,,,,Extracellular_matrix,,,,,,,,,,,,,
KCNJ8,,,,,,,Extracellular_matrix,,,,,,,,,,,,,
KIAA1462,,,,,,,Extracellular_matrix,,,,,,,,,,,,,
KRT14,,,,,,,Extracellular_matrix,,,,,,,,,,,,,
KRT19,,,,,,,Extracellular_matrix,,,,,,,,,,,,,
KRT7,,,,,,,Extracellular_matrix,,,,,,,,,,,,,
LAD1,,,,,,,Extracellular_matrix,Hedgehog_pathway,,,,,,,,,,,,
LGALS1,,,,,,,Extracellular_matrix,Hedgehog_pathway,,,,,,,,,,,,
LHFP,,,,,,,Extracellular_matrix,,,,,,,,,,,,,
LLGL2,,,,,,,Extracellular_matrix,Hedgehog_pathway,,,,,,,,,,,,
LOX,,,,,,,Extracellular_matrix,Hedgehog_pathway,,,,,,,,,,,,
LY96,,,,,,,Extracellular_matrix,,,,,JAK-STAT_pathway,,,,,,,,
MAF,,,,,,,Extracellular_matrix,,,,,,,,,,,,,
MFAP4,,,,,,,Extracellular_matrix,Hedgehog_pathway,,,,,,,,,,,,
MISP,,,,,,,Extracellular_matrix,,,,,,,,,,,,,
MMP3,,,,,,,Extracellular_matrix,Hedgehog_pathway,,,,,,,Notch_pathway,,,,,Wnt_pathway
MMP9,,,,,,,Extracellular_matrix,Hedgehog_pathway,,,,,,,Notch_pathway,,,,,Wnt_pathway
MPDZ,,,,,,,Extracellular_matrix,,,,,,,,,,,,,
MRC1,,,,,,,Extracellular_matrix,,,,,,,,,,,,,
MS4A4A,,,,,,,Extracellular_matrix,,,,,,,,,,,,,
MS4A6A,,,,,,,Extracellular_matrix,,,,,,,,,,,,,
MUC1,,,,,,,Extracellular_matrix,,,,,,,,,,,,,
MYLK,,,,,,,Extracellular_matrix,,,,,,,,Notch_pathway,,,,,
MYO1D,,,,,,,Extracellular_matrix,,,,,,,,,,,,,
MYO5C,,,,,,,Extracellular_matrix,,,,,,,,,,,,,
NAP1L3,,,,,,,Extracellular_matrix,,,,,,,,,,,,,
NR3C1,,,,,,,Extracellular_matrix,,,,,,,,,,,,,
OAS1,,,,,,,Extracellular_matrix,,,,,,,,,,,,,
OCLN,,,,,,,Extracellular_matrix,,,,,,,,,,,,,
OLFML2B,,,,,,,Extracellular_matrix,Hedgehog_pathway,,,,,,,,,,,,
P3H1,,,,,,,Extracellular_matrix,,,,,,,,,,,,,
PCOLCE,,,,,,,Extracellular_matrix,Hedgehog_pathway,,,,,,,,,,,,
PDGFC,,,,,,,Extracellular_matrix,,,,,,,,,,RAS_pathway,TGFB_pathway,,
PKN1,,,,,,,Extracellular_matrix,,,,,,,,Notch_pathway,,,,,
PLEKHO1,,,,,,,Extracellular_matrix,,,,,,,,,,,,,
PLS1,,,,,,,Extracellular_matrix,,,,,,,,,,,,,
PLXNC1,,,,,,,Extracellular_matrix,,,,,,,,,,,,,
PMP22,,,,,,,Extracellular_matrix,,,,,,,,,,,,,
POPDC3,,,,,,,Extracellular_matrix,,,,,,,,,,,,,
PPFIBP2,,,,,,,Extracellular_matrix,,,,,,,,,,,,,
PPL,,,,,,,Extracellular_matrix,,,,,,,,,,,,,
PRKCZ,,,,,,,Extracellular_matrix,,,,,,,,,,,,,
PROM1,,,,,,,Extracellular_matrix,,,,,,,,Notch_pathway,,,,,Wnt_pathway
PRR15L,,,,,,,Extracellular_matrix,,,,,,,,,,,,,
PRSS8,,,,,,,Extracellular_matrix,,,,,,,,,,,,,
PTGDS,,,,,,,Extracellular_matrix,,,,,,,,,,,,,
PTK6,,,,,,,Extracellular_matrix,,,,,,,,,,,,,
PTPRC,,,,,,,Extracellular_matrix,,,,,,,,,,,,,
PTRF,,,,,,,Extracellular_matrix,,,,,,,,,,,,,
PTX3,,,,,,,Extracellular_matrix,,,,,,,,,,,,,
PYCARD,,,,,,,Extracellular_matrix,,,,,JAK-STAT_pathway,,,,,,,,
QKI,,,,,,,Extracellular_matrix,,,,,,,,,,,,,
RAB25,,,,,,,Extracellular_matrix,,,,,,,,,,,,,
RBM47,,,,,,,Extracellular_matrix,,,,,,,,,,,,,
RHOA,,,,,,,Extracellular_matrix,Hedgehog_pathway,,,,,,,,,,TGFB_pathway,Transcriptional_misregulation,
RUNX1T1,,,,,,,Extracellular_matrix,,,,,,,,,,,,,Wnt_pathway
S100A14,,,,,,,Extracellular_matrix,,,,,,,,,,,,,
SACS,,,,,,,Extracellular_matrix,,,,,,,,,,,,,
SAMSN1,,,,,,,Extracellular_matrix,,,,,,,,,,,,,
SCNN1A,,,,,,,Extracellular_matrix,,,,,,,,,,,,,
SDC4,,,,,,,Extracellular_matrix,Hedgehog_pathway,,,,,,,,,,,,
SERINC5,,,,,,,Extracellular_matrix,,,,,,,,,,,,,
SERPING1,,,,,,,Extracellular_matrix,,,,,JAK-STAT_pathway,,,,,,,,
SH2B3,,,,,,,Extracellular_matrix,,,,,,,,,,,,,
SH2D3A,,,,,,,Extracellular_matrix,,,,,,,,,,,,,
SH3YL1,,,,,,,Extracellular_matrix,,,,,,,,,,,,,
SLC35A3,,,,,,,Extracellular_matrix,,,,,,,,,,,,,
SLC37A1,,,,,,,Extracellular_matrix,,,,,,,,,,,,,
SLC44A4,,,,,,,Extracellular_matrix,,,,,,,,,,,,,
SLPI,,,,,,,Extracellular_matrix,Hedgehog_pathway,,,,,,,,,,,,
SMURF1,,,,,,,Extracellular_matrix,Hedgehog_pathway,,,,,,,,,,,,
SNAI1,,,,,,,Extracellular_matrix,Hedgehog_pathway,,,,,,,Notch_pathway,,,,,
SNAI2,,,,,,,Extracellular_matrix,,,,,,,,Notch_pathway,,,,,
SNAI3,,,,,,,Extracellular_matrix,,,,,,,,,,,,,
SORD,,,,,,,Extracellular_matrix,,,,,,,,,,,,,
SOX2,,,,,,,Extracellular_matrix,,,,,,,,Notch_pathway,,,,,
SPARCL1,,,,,,,Extracellular_matrix,,,,,,,,,,,,,
SPDEF,,,,,,,Extracellular_matrix,,,,,,,,,,,,,
SPINT1,,,,,,,Extracellular_matrix,,,,,,,,,,,,,
SPP1,,,,,,,Extracellular_matrix,Hedgehog_pathway,,,,,,,,,RAS_pathway,,,
SRGN,,,,,,,Extracellular_matrix,,,,,,,,,,,,,
ST14,,,,,,,Extracellular_matrix,,,,,,,,,,,,,
STAT3,,,,,,,Extracellular_matrix,,,,Innate_immunity,,MAPK_pathway,,Notch_pathway,,,,,
SYNE1,,,,,,,Extracellular_matrix,,,,,,,,,,,,,
TACSTD2,,,,,,,Extracellular_matrix,,,,,,,,,,,,,
TCF3,,,,,,,Extracellular_matrix,,,,,,,,,,,,,Wnt_pathway
TCF4,,,,,,,Extracellular_matrix,,,,,,,,,,,,,
TFPI2,,,,,,,Extracellular_matrix,,,,,,,,,,,,,
TIMP1,,,,,,,Extracellular_matrix,Hedgehog_pathway,,,,,,,Notch_pathway,,,,,
TJP2,,,,,,,Extracellular_matrix,,,,,,,,,,,,,
TJP3,,,,,,,Extracellular_matrix,,,,,,,,,,,,,
TMC6,,,,,,,Extracellular_matrix,,,,,,,,,,,,,
TMEM30B,,,,,,,Extracellular_matrix,,,,,,,,,,,,,
TMPRSS2,,,,,,,Extracellular_matrix,,,,,,,,,,,,,Wnt_pathway
TMPRSS4,,,,,,,Extracellular_matrix,,,,,,,,,,,,,
TNC,,,,,,,Extracellular_matrix,Hedgehog_pathway,,,,,,,,,RAS_pathway,,,
TNFSF13,,,,,,,Extracellular_matrix,,,,,,,,,,,,,
TNS1,,,,,,,Extracellular_matrix,,,,,,,,,,,,,
TOM1L1,,,,,,,Extracellular_matrix,,,,,,,,,,,,,
TPM2,,,,,,,Extracellular_matrix,,,,,,,,,,,,,
TSPAN1,,,,,,,Extracellular_matrix,,,,,,,,,,,,,
TWIST2,,,,,,,Extracellular_matrix,,,,,,,,Notch_pathway,,,,,
UBA52,,,,,,,Extracellular_matrix,,,,,,,,,,,,,
VAMP8,,,,,,,Extracellular_matrix,,,,,,,,,,,,,
VCAM1,,,,,,,Extracellular_matrix,Hedgehog_pathway,,,,,,,,,,,,
VCAN,,,,,,,Extracellular_matrix,Hedgehog_pathway,,,,,,,,,,,,
VIM,,,,,,,Extracellular_matrix,,,,,,,,,,,,,
VPS13A,,,,,,,Extracellular_matrix,,,,,,,,,,,,,
VSIG4,,,,,,,Extracellular_matrix,,,,,,,,,,,,,
WIPF1,,,,,,,Extracellular_matrix,,,,,,,,,,,,,
WNT5B,,,,,,,Extracellular_matrix,,Humoral_immunity,,,,,,,,,,,
WWTR1,,,,,,,Extracellular_matrix,,,,,,,,,,,,,
ZCCHC24,,,,,,,Extracellular_matrix,,,,,,,,,,,,,
ZEB1,,,,,,,Extracellular_matrix,,,,,,,,Notch_pathway,,,,,
ZEB2,,,,,,,Extracellular_matrix,,,,,,,,Notch_pathway,,,,,
ZFPM2,,,,,,,Extracellular_matrix,,,,,,,,,,,,,
ABI3BP,,,,,,,,Hedgehog_pathway,,,,,,,,,,,,
ACHE,,,,,,,,Hedgehog_pathway,,,,,,,,,,,,
ACVR1,,,,,,,,Hedgehog_pathway,,,,,,,,,,,,
ACVR1C,,,,,,,,Hedgehog_pathway,,,,,,,,,,,Transcriptional_misregulation,
ADAM17,,,,,,,,Hedgehog_pathway,,,,,,,,,,,,
ADAM28,,,,,,,,Hedgehog_pathway,,,,,,,,,,,,
ADAM9,,,,,,,,Hedgehog_pathway,,,,,,,,,,,,
ADAMTS1,,,,,,,,Hedgehog_pathway,,,,,,,,,,,,
ADAMTS12,,,,,,,,Hedgehog_pathway,,,,,,,,,,,,
ADAMTS8,,,,,,,,Hedgehog_pathway,,,,,,,,,,,,
AEBP1,,,,,,,,Hedgehog_pathway,,,,,,,,,,,,
AGRN,,,,,,,,Hedgehog_pathway,,,,,,,,,,,,
ALB,,,,,,,,Hedgehog_pathway,,,,,,,,,,,,
AMH,,,,,,,,Hedgehog_pathway,,,,,,,,,,,Transcriptional_misregulation,
APOE,,,,,,,,Hedgehog_pathway,,,,,,,,,,,,
BMP5,,,,,,,,Hedgehog_pathway,,,,,,,,,,,Transcriptional_misregulation,
BMPR1A,,,,,,,,Hedgehog_pathway,,,,,,,,,,,,
BMPR1B,,,,,,,,Hedgehog_pathway,,,,,,,,,,,Transcriptional_misregulation,
BMPR2,,,,,,,,Hedgehog_pathway,,,,,,,,,,,,
CCDC80,,,,,,,,Hedgehog_pathway,,,,,,,,,,,,
CCL21,,,,,,,,Hedgehog_pathway,,,,,,,,,,,,
CCL7,,,,,,,,Hedgehog_pathway,,,Innate_immunity,,,,Notch_pathway,,,,,
CD36,,,,,,,,Hedgehog_pathway,,,,,,,,,,,,
CEP295,,,,,,,,Hedgehog_pathway,,,,,,,,,,,,
CFP,,,,,,,,Hedgehog_pathway,,,,JAK-STAT_pathway,,,,,,,,
CHAD,,,,,,,,Hedgehog_pathway,,,,,,,,,RAS_pathway,,,
CLDN1,,,,,,,,Hedgehog_pathway,,,,,,,,,,,,
CLEC3B,,,,,,,,Hedgehog_pathway,,,,,,,,,,,,
CLU,,,,,,,,Hedgehog_pathway,,,,JAK-STAT_pathway,,,,,,,,
COL1A1,,,,,,,,Hedgehog_pathway,,,,,,,Notch_pathway,,RAS_pathway,,,
COL4A1,,,,,,,,Hedgehog_pathway,,,,,,,,,,,,
COL4A6,,,,,,,,Hedgehog_pathway,,,,,,,,,RAS_pathway,,,
COL5A1,,,,,,,,Hedgehog_pathway,,,,,,,,,RAS_pathway,,,
COL6A3,,,,,,,,Hedgehog_pathway,,,,,,,,,,,,
COL7A1,,,,,,,,Hedgehog_pathway,,,,,,,,,,,,
COMP,,,,,,,,Hedgehog_pathway,,,,,,,,,RAS_pathway,,,
CRIP2,,,,,,,,Hedgehog_pathway,,,,,,,,,,,,
CTNND1,,,,,,,,Hedgehog_pathway,,,,,,,,,,,,
CTSG,,,,,,,,Hedgehog_pathway,,,,,,,,,,,,
DAG1,,,,,,,,Hedgehog_pathway,,,,,,,,,,,,
DLG1,,,,,,,,Hedgehog_pathway,,,,,,,,,,,,
DST,,,,,,,,Hedgehog_pathway,,,,,,,,,,,,
EDN1,,,,,,,,Hedgehog_pathway,,,,,,,Notch_pathway,,,,,
EMILIN1,,,,,,,,Hedgehog_pathway,,,,,,,,,,,,
EMILIN3,,,,,,,,Hedgehog_pathway,,,,,,,,,,,,
ERBB2IP,,,,,,,,Hedgehog_pathway,,,,,,,,,,,,
FBLN5,,,,,,,,Hedgehog_pathway,,,,,,,,,,,,
FBN2,,,,,,,,Hedgehog_pathway,,,,,,,,,,,,
FMOD,,,,,,,,Hedgehog_pathway,,,,,,,,,,,,
FRAS1,,,,,,,,Hedgehog_pathway,,,,,,,,,,,,
FREM1,,,,,,,,Hedgehog_pathway,,,,,,,,,,,,
FREM2,,,,,,,,Hedgehog_pathway,,,,,,,,,,,,
FST,,,,,,,,Hedgehog_pathway,,,,,,,,,,,Transcriptional_misregulation,
GDF5,,,,,,,,Hedgehog_pathway,,,,,,,,,,,,
GDF6,,,,,,,,Hedgehog_pathway,,,,,,,,,,,Transcriptional_misregulation,
HAPLN1,,,,,,,,Hedgehog_pathway,,,,,,,,,,,,
HAS1,,,,,,,,Hedgehog_pathway,,,,,,,,,,,,
HSD17B12,,,,,,,,Hedgehog_pathway,,,,,,,,,,,,
HSP90B1,,,,,,,,Hedgehog_pathway,,,,,,,,,RAS_pathway,,,
IBSP,,,,,,,,Hedgehog_pathway,,,,,,,,,RAS_pathway,,,
ICAM1,,,,,,,,Hedgehog_pathway,,,,,,,,,,,,
ID2,,,,,,,,Hedgehog_pathway,,,,,,,,,,,Transcriptional_misregulation,Wnt_pathway
ID4,,,,,,,,Hedgehog_pathway,,,,,,,,,,,Transcriptional_misregulation,
IGFBP7,,,,,,,,Hedgehog_pathway,,,,,,,,,,,,
IL13RA2,,,,,,,,Hedgehog_pathway,,,,,MAPK_pathway,,,,,,,
IL1RL1,,,,,,,,Hedgehog_pathway,,,,JAK-STAT_pathway,,,,,,,,
INHBA,,,,,,,,Hedgehog_pathway,,,,,,,,,,,Transcriptional_misregulation,
INHBE,,,,,,,,Hedgehog_pathway,,,,,,,,,,,,
ITGA1,,,,,,,,Hedgehog_pathway,,,,,,,,,,,,
ITGA11,,,,,,,,Hedgehog_pathway,,,,,,,,,,,,
ITGA2,,,,,,,,Hedgehog_pathway,,,,,,,,,RAS_pathway,,,
ITGA3,,,,,,,,Hedgehog_pathway,,,,,,,,,RAS_pathway,,,
ITGA6,,,,,,,,Hedgehog_pathway,,,,,,,,,RAS_pathway,,,
ITGA7,,,,,,,,Hedgehog_pathway,,,,,,,Notch_pathway,,RAS_pathway,,,
ITGA8,,,,,,,,Hedgehog_pathway,,,,,,,,,RAS_pathway,,,
ITGA9,,,,,,,,Hedgehog_pathway,,,,,,,,,RAS_pathway,,,
ITGAM,,,,,,,,Hedgehog_pathway,,,,JAK-STAT_pathway,,,,,,,,
ITGB2,,,,,,,,Hedgehog_pathway,,,,,,,,,,,,
ITGB7,,,,,,,,Hedgehog_pathway,,,,,,,,,RAS_pathway,,,Wnt_pathway
ITGB8,,,,,,,,Hedgehog_pathway,,,,,,,,,RAS_pathway,,,
LAMA1,,,,,,,,Hedgehog_pathway,,,,,,,,,RAS_pathway,,,
LAMA3,,,,,,,,Hedgehog_pathway,,,,,,,,,RAS_pathway,,,
LAMA4,,,,,,,,Hedgehog_pathway,,,,,,,,,,,,
LAMB3,,,,,,,,Hedgehog_pathway,,,,,,,,,RAS_pathway,,,
LAMC1,,,,,,,,Hedgehog_pathway,,,,,,,,,,,,
LAMC2,,,,,,,,Hedgehog_pathway,,,,,,,,,RAS_pathway,,,
LEFTY1,,,,,,,,Hedgehog_pathway,,,,,,,,,,,Transcriptional_misregulation,
LTBP4,,,,,,,,Hedgehog_pathway,,,,,,,,,,,,
LUM,,,,,,,,Hedgehog_pathway,,,,,,,,,,,,
MGP,,,,,,,,Hedgehog_pathway,,,,,,,,,,,,
MMP1,,,,,,,,Hedgehog_pathway,,,,,,,,,,,,
MMP10,,,,,,,,Hedgehog_pathway,,,,,,,Notch_pathway,,,,,
MMP12,,,,,,,,Hedgehog_pathway,,,,,,,,,,,,
MMP13,,,,,,,,Hedgehog_pathway,,,,,,,Notch_pathway,,,,,
MMP17,,,,,,,,Hedgehog_pathway,,,,,,,,,,,,
MMP24,,,,,,,,Hedgehog_pathway,,,,,,,,,,,,
NCAM1,,,,,,,,Hedgehog_pathway,,,,,,,,,,,,
NDNF,,,,,,,,Hedgehog_pathway,,,,,,,,,,,,
NDP,,,,,,,,Hedgehog_pathway,,,,,,,,,,,,
NID2,,,,,,,,Hedgehog_pathway,,,,,,,,,,,,
OGN,,,,,,,,Hedgehog_pathway,,,,,,,,,,,,
P3H2,,,,,,,,Hedgehog_pathway,,,,,,,,,,,,
PECAM1,,,,,,,,Hedgehog_pathway,,,,,,,,,,,,
PITX2,,,,,,,,Hedgehog_pathway,,,,,,,,,,,Transcriptional_misregulation,
PKM,,,,,,,,Hedgehog_pathway,,,,,,,,,,,,
PLAU,,,,,,,,Hedgehog_pathway,,,,,,,,,,,,Wnt_pathway
POSTN,,,,,,,,Hedgehog_pathway,,,,,,,,,,,,
PPP2CB,,,,,,,,Hedgehog_pathway,,,,,,,,,RAS_pathway,,Transcriptional_misregulation,
PRELP,,,,,,,,Hedgehog_pathway,,,,,,,,,,,,
PRSS22,,,,,,,,Hedgehog_pathway,,,,,,,,,,,,
PXDN,,,,,,,,Hedgehog_pathway,,,,,,,,,,,,
RBL1,,,,,,,,Hedgehog_pathway,,,,,,,,,,,,
RBL2,,,,,,,,Hedgehog_pathway,,,,,,,,,,,,
RELN,,,,,,,,Hedgehog_pathway,,,,,,,,,RAS_pathway,,,
RPS6KB1,,,,,,,,Hedgehog_pathway,,,,,,,Notch_pathway,,,,,
RPS6KB2,,,,,,,,Hedgehog_pathway,,,,,,,Notch_pathway,,,,,
SELE,,,,,,,,Hedgehog_pathway,,,Innate_immunity,,,,,,,,,
SERPINA1,,,,,,,,Hedgehog_pathway,,,,,,,,,,,,
SERPINH1,,,,,,,,Hedgehog_pathway,,,,,,,,,,,,
SMAD1,,,,,,,,Hedgehog_pathway,,,,,,,,,,,,
SMAD5,,,,,,,,Hedgehog_pathway,,,,,,,,,,,,
SMAD9,,,,,,,,Hedgehog_pathway,,,,,,,,,,,Transcriptional_misregulation,
SMOC1,,,,,,,,Hedgehog_pathway,,,,,,,,,,,,
SMURF2,,,,,,,,Hedgehog_pathway,,,,,,,,,,,,
SOD1,,,,,,,,Hedgehog_pathway,,,,,,,,,,,,
SP1,,,,,,,,Hedgehog_pathway,,,,,,,,,,,Transcriptional_misregulation,Wnt_pathway
SPOCK3,,,,,,,,Hedgehog_pathway,,,,,,,,,,,,
SV2B,,,,,,,,Hedgehog_pathway,,,,,,,,,,,,
TIMP2,,,,,,,,Hedgehog_pathway,,,,,,,Notch_pathway,,,,,
TIMP4,,,,,,,,Hedgehog_pathway,,,,,,,Notch_pathway,,,,,
TNN,,,,,,,,Hedgehog_pathway,,,,,,,,,RAS_pathway,,,
TNXB,,,,,,,,Hedgehog_pathway,,,,,,,,,,,,
TPSB2,,,,,,,,Hedgehog_pathway,,,,,,,,,,,,
TPSD1,,,,,,,,Hedgehog_pathway,,,,,,,,,,,,
VIT,,,,,,,,Hedgehog_pathway,,,,,,,,,,,,
VWA1,,,,,,,,Hedgehog_pathway,,,,,,,,,,,,
VWA2,,,,,,,,Hedgehog_pathway,,,,,,,,,,,,
ZFYVE16,,,,,,,,Hedgehog_pathway,,,,,,,,,,,,
ZFYVE9,,,,,,,,Hedgehog_pathway,,,,,,,,,,,,
BMP2,,,,,,,,,Humoral_immunity,,,,,,,,,,Transcriptional_misregulation,
GAS1,,,,,,,,,Humoral_immunity,,,,,,,,,,,
GLI1,,,,,,,,,Humoral_immunity,,,,,,,,,,,
GLI3,,,,,,,,,Humoral_immunity,,,,,,,,,,,
HHIP,,,,,,,,,Humoral_immunity,,,,,,,,,,,
LRP2,,,,,,,,,Humoral_immunity,,,,,,,,,,,
WNT10A,,,,,,,,,Humoral_immunity,,,,,,,,,,,
WNT10B,,,,,,,,,Humoral_immunity,,,,,,,,,,,
WNT11,,,,,,,,,Humoral_immunity,,,,,,,,,,,
WNT16,,,,,,,,,Humoral_immunity,,,,,,,,,,,Wnt_pathway
WNT2,,,,,,,,,Humoral_immunity,,,,,,,,,,,
WNT2B,,,,,,,,,Humoral_immunity,,,,,,,,,,,
WNT3,,,,,,,,,Humoral_immunity,,,,,,,,,,,
WNT4,,,,,,,,,Humoral_immunity,,,,,,,,,,,
WNT6,,,,,,,,,Humoral_immunity,,,,,,,,,,,
WNT7A,,,,,,,,,Humoral_immunity,,,,,,,,,,,
WNT7B,,,,,,,,,Humoral_immunity,,,,,,,,,,,
ZIC2,,,,,,,,,Humoral_immunity,,,,,,,,,,,
AIRE,,,,,,,,,,Inflammation,,,,,,,,,,
BLNK,,,,,,,,,,Inflammation,,,,,,,,,,
BMI1,,,,,,,,,,Inflammation,,,,,,,,,,
BST1,,,,,,,,,,Inflammation,,,,,,,,,,
BST2,,,,,,,,,,Inflammation,,JAK-STAT_pathway,,,,,,,,
CCL16,,,,,,,,,,Inflammation,Innate_immunity,,,,,,,,,
CCL2,,,,,,,,,,Inflammation,,,,,,,,,,
CCL3,,,,,,,,,,Inflammation,Innate_immunity,,,,,,,,,
CCR6,,,,,,,,,,Inflammation,,JAK-STAT_pathway,,,,,,,,
CCR7,,,,,,,,,,Inflammation,Innate_immunity,,,,,,,,,Wnt_pathway
CD28,,,,,,,,,,Inflammation,Innate_immunity,,,,,,,,,
CD83,,,,,,,,,,Inflammation,,,,,,,,,,
CRP,,,,,,,,,,Inflammation,Innate_immunity,JAK-STAT_pathway,,,,,,,,
EBI3,,,,,,,,,,Inflammation,,,,,,,,,,
FOXJ1,,,,,,,,,,Inflammation,,,,,,,,,,
LTA,,,,,,,,,,Inflammation,Innate_immunity,,,,,,,,,
LTF,,,,,,,,,,Inflammation,,,,,,,,,,
LY86,,,,,,,,,,Inflammation,,JAK-STAT_pathway,,,,,,,,
MEF2C,,,,,,,,,,Inflammation,,,,,,,,,,
MNX1,,,,,,,,,,Inflammation,,,,,,,,,,
MS4A1,,,,,,,,,,Inflammation,,,,,,,,,,
MS4A2,,,,,,,,,,Inflammation,Innate_immunity,,,,,,,,,
POU2AF1,,,,,,,,,,Inflammation,,,,,,,,,,
POU2F2,,,,,,,,,,Inflammation,,,,,,,,,,
PSMB10,,,,,,,,,,Inflammation,,,,,,,,,,
SH2D1A,,,,,,,,,,Inflammation,,,,,,,,,,
ST6GAL1,,,,,,,,,,Inflammation,,,,,,,,,,
TFE3,,,,,,,,,,Inflammation,,,,,,,,,,
TFEB,,,,,,,,,,Inflammation,,,,,,,,,,
TREM1,,,,,,,,,,Inflammation,,,,,,,,,,
TREM2,,,,,,,,,,Inflammation,,,,,,,,,,
YTHDF2,,,,,,,,,,Inflammation,,,,,,,,,,
C1QBP,,,,,,,,,,,Innate_immunity,,,,,,,,,
CCL1,,,,,,,,,,,Innate_immunity,,,,,,,,,
CCL13,,,,,,,,,,,Innate_immunity,,,,,,,,,
CCL23,,,,,,,,,,,Innate_immunity,,,,,,,,,
CCL24,,,,,,,,,,,Innate_immunity,,,,,,,,,
CCL25,,,,,,,,,,,Innate_immunity,,,,,,,,,
CCL26,,,,,,,,,,,Innate_immunity,,,,,,,,,
CCL4,,,,,,,,,,,Innate_immunity,,,,,,,,,
CCL5,,,,,,,,,,,Innate_immunity,JAK-STAT_pathway,,,Notch_pathway,,,,,
CCR1,,,,,,,,,,,Innate_immunity,,,,,,,,,
CCR4,,,,,,,,,,,Innate_immunity,,,,,,,,,
CCRL2,,,,,,,,,,,Innate_immunity,,,,,,,,,
CD97,,,,,,,,,,,Innate_immunity,,,,,,,,,
CKLF,,,,,,,,,,,Innate_immunity,,,,,,,,,
CREB5,,,,,,,,,,,Innate_immunity,,,,,,RAS_pathway,,,
CXCL1,,,,,,,,,,,Innate_immunity,,,,,,,,,
CXCL2,,,,,,,,,,,Innate_immunity,,,,,,,,,
CXCL3,,,,,,,,,,,Innate_immunity,,,,,,,,,
CXCL6,,,,,,,,,,,Innate_immunity,,,,,,,,,
CXCR1,,,,,,,,,,,Innate_immunity,,,,,,,,,
CXCR2,,,,,,,,,,,Innate_immunity,,,,Notch_pathway,,,,,
FCER1A,,,,,,,,,,,Innate_immunity,,,,,,,,,
FOXP3,,,,,,,,,,,Innate_immunity,,,,,,,,,
FPR2,,,,,,,,,,,Innate_immunity,,,,,,,,,
HMGB1,,,,,,,,,,,Innate_immunity,JAK-STAT_pathway,,,,,,,,
IDO1,,,,,,,,,,,Innate_immunity,,,,,,,,,
IL13,,,,,,,,,,,Innate_immunity,,MAPK_pathway,,,,,,,
IL17A,,,,,,,,,,,Innate_immunity,,,,,,,,,
IL22,,,,,,,,,,,Innate_immunity,,,,,,,,,
IL24,,,,,,,,,,,Innate_immunity,,MAPK_pathway,,,,,,,
IL25,,,,,,,,,,,Innate_immunity,,,,,,,,,
IL6ST,,,,,,,,,,,Innate_immunity,,,,,,,,,
IL8,,,,,,,,,,,Innate_immunity,JAK-STAT_pathway,,,,,,,,Wnt_pathway
IL9,,,,,,,,,,,Innate_immunity,,,,,,,,,
KLRB1,,,,,,,,,,,Innate_immunity,,,,,,,,,
NFATC4,,,,,,,,,,,Innate_immunity,,,,,,,,,
NOS2A,,,,,,,,,,,Innate_immunity,,,,,,,,,
PNMA1,,,,,,,,,,,Innate_immunity,,,,,,,,,
S100A8,,,,,,,,,,,Innate_immunity,,,,,,,,,
XCR1,,,,,,,,,,,Innate_immunity,,,,,,,,,
A2M,,,,,,,,,,,,JAK-STAT_pathway,,,,,,,,
APP,,,,,,,,,,,,JAK-STAT_pathway,,,,,,,,
ATF1,,,,,,,,,,,,JAK-STAT_pathway,,,,,,,,
ATF2,,,,,,,,,,,,JAK-STAT_pathway,,,,,,,,
ATG12,,,,,,,,,,,,JAK-STAT_pathway,,,,,,,,
ATG5,,,,,,,,,,,,JAK-STAT_pathway,,,,,,,,
AXL,,,,,,,,,,,,JAK-STAT_pathway,,,,,,,,
C1QA,,,,,,,,,,,,JAK-STAT_pathway,,,,,,,,
C1QB,,,,,,,,,,,,JAK-STAT_pathway,,,,,,,,
C1R,,,,,,,,,,,,JAK-STAT_pathway,,,,,,,,
C2,,,,,,,,,,,,JAK-STAT_pathway,,,,,,,,
C4B,,,,,,,,,,,,JAK-STAT_pathway,,,,,,,,
C4BPA,,,,,,,,,,,,JAK-STAT_pathway,,,,,,,,
C5,,,,,,,,,,,,JAK-STAT_pathway,,,,,,,,
C6,,,,,,,,,,,,JAK-STAT_pathway,,,,,,,,
C7,,,,,,,,,,,,JAK-STAT_pathway,,,,,,,,
C8A,,,,,,,,,,,,JAK-STAT_pathway,,,,,,,,
C8B,,,,,,,,,,,,JAK-STAT_pathway,,,,,,,,
C8G,,,,,,,,,,,,JAK-STAT_pathway,,,,,,,,
C9,,,,,,,,,,,,JAK-STAT_pathway,,,,,,,,
CARD9,,,,,,,,,,,,JAK-STAT_pathway,,,,,,,,
CASP1,,,,,,,,,,,,JAK-STAT_pathway,,,,,,,,
CCR9,,,,,,,,,,,,JAK-STAT_pathway,,,,,,,,
CD14,,,,,,,,,,,,JAK-STAT_pathway,,Metastasis,,,,,,Wnt_pathway
CD180,,,,,,,,,,,,JAK-STAT_pathway,,,,,,,,
CD55,,,,,,,,,,,,JAK-STAT_pathway,,,,,,,,
CDK1,,,,,,,,,,,,JAK-STAT_pathway,,,,,,,,
CFB,,,,,,,,,,,,JAK-STAT_pathway,,,,,,,,
CFD,,,,,,,,,,,,JAK-STAT_pathway,,,,,,,,
CFI,,,,,,,,,,,,JAK-STAT_pathway,,,,,,,,
CLEC4A,,,,,,,,,,,,JAK-STAT_pathway,,,,,,,,
CLEC4C,,,,,,,,,,,,JAK-STAT_pathway,,,,,,,,
CLEC5A,,,,,,,,,,,,JAK-STAT_pathway,,,,,,,,
CLEC6A,,,,,,,,,,,,JAK-STAT_pathway,,,,,,,,
CLEC7A,,,,,,,,,,,,JAK-STAT_pathway,,,,,,,,
COLEC12,,,,,,,,,,,,JAK-STAT_pathway,,,,,,,,
CR1,,,,,,,,,,,,JAK-STAT_pathway,,,,,,,,
CR2,,,,,,,,,,,,JAK-STAT_pathway,,,,,,,,
CREB1,,,,,,,,,,,,JAK-STAT_pathway,,,,,,,,
CSF1,,,,,,,,,,,,JAK-STAT_pathway,,,,,,,,
CYBB,,,,,,,,,,,,JAK-STAT_pathway,,,Notch_pathway,,,,,
CYFIP2,,,,,,,,,,,,JAK-STAT_pathway,,,,,,,,
DDX58,,,,,,,,,,,,JAK-STAT_pathway,,,,,,,,
DEFB1,,,,,,,,,,,,JAK-STAT_pathway,,,,,,,,
DMBT1,,,,,,,,,,,,JAK-STAT_pathway,,,,,,,,
DUSP4,,,,,,,,,,,,JAK-STAT_pathway,,Metastasis,,,,,,
DUSP6,,,,,,,,,,,,JAK-STAT_pathway,,Metastasis,,,,,,Wnt_pathway
ECSIT,,,,,,,,,,,,JAK-STAT_pathway,,,,,,,,
ELK1,,,,,,,,,,,,JAK-STAT_pathway,,,,,,,,
F12,,,,,,,,,,,,JAK-STAT_pathway,,,,,,,,
FADD,,,,,,,,,,,,JAK-STAT_pathway,,,,,,,,
FCGR1A,,,,,,,,,,,,JAK-STAT_pathway,,,,,,,,
FOS,,,,,,,,,,,,JAK-STAT_pathway,,Metastasis,,,,,,
HAMP,,,,,,,,,,,,JAK-STAT_pathway,,,,,,,,
HCK,,,,,,,,,,,,JAK-STAT_pathway,,,,,,,,
IFIH1,,,,,,,,,,,,JAK-STAT_pathway,,,,,,,,
IFITM1,,,,,,,,,,,,JAK-STAT_pathway,,,,,,,,
IFITM2,,,,,,,,,,,,JAK-STAT_pathway,,,,,,,,
IFNA1,,,,,,,,,,,,JAK-STAT_pathway,,,,,,,,
IFNA17,,,,,,,,,,,,JAK-STAT_pathway,MAPK_pathway,,,,RAS_pathway,,,
IFNA2,,,,,,,,,,,,JAK-STAT_pathway,MAPK_pathway,,,,RAS_pathway,,,
IFNA7,,,,,,,,,,,,JAK-STAT_pathway,MAPK_pathway,,,,RAS_pathway,,,
IFNA8,,,,,,,,,,,,JAK-STAT_pathway,,,,,,,,
IFNGR1,,,,,,,,,,,,JAK-STAT_pathway,,,,,,,,
IKBKE,,,,,,,,,,,,JAK-STAT_pathway,,,,,,,,
IL18R1,,,,,,,,,,,,JAK-STAT_pathway,,,,,,,,
IL18RAP,,,,,,,,,,,,JAK-STAT_pathway,,,,,,,,
IL1RAPL2,,,,,,,,,,,,JAK-STAT_pathway,,,,,,,,
IL1RL2,,,,,,,,,,,,JAK-STAT_pathway,,,,,,,,
IL23A,,,,,,,,,,,,JAK-STAT_pathway,MAPK_pathway,,,,,,,
IL27,,,,,,,,,,,,JAK-STAT_pathway,,,,,,,,
IL34,,,,,,,,,,,,JAK-STAT_pathway,,,,,,,,
IRAK1,,,,,,,,,,,,JAK-STAT_pathway,,,,,,,,
IRAK4,,,,,,,,,,,,JAK-STAT_pathway,,,,,,,,
IRF3,,,,,,,,,,,,JAK-STAT_pathway,,,,,,,,
IRF7,,,,,,,,,,,,JAK-STAT_pathway,,,,,,,,
IRGM,,,,,,,,,,,,JAK-STAT_pathway,,,,,,,,
ISG15,,,,,,,,,,,,JAK-STAT_pathway,,,,,,,,
ISG20,,,,,,,,,,,,JAK-STAT_pathway,,,,,,,,
ITCH,,,,,,,,,,,,JAK-STAT_pathway,,,,,,,,
ITGAX,,,,,,,,,,,,JAK-STAT_pathway,,,,,,,,
KLRG1,,,,,,,,,,,,JAK-STAT_pathway,,,,,,,,
LBP,,,,,,,,,,,,JAK-STAT_pathway,,,,,,,,
LCN2,,,,,,,,,,,,JAK-STAT_pathway,,,,,,,,
LGALS3,,,,,,,,,,,,JAK-STAT_pathway,,,,,,,,
LILRA4,,,,,,,,,,,,JAK-STAT_pathway,,,,,,,,
LILRA5,,,,,,,,,,,,JAK-STAT_pathway,,,,,,,,
LYN,,,,,,,,,,,,JAK-STAT_pathway,,,,,,,,
MAP2K4,,,,,,,,,,,,JAK-STAT_pathway,,Metastasis,Notch_pathway,,,,,
MAP3K5,,,,,,,,,,,,JAK-STAT_pathway,,Metastasis,,,,,,
MAP4K2,,,,,,,,,,,,JAK-STAT_pathway,,,,,,,,
MAPK11,,,,,,,,,,,,JAK-STAT_pathway,,,,,,,,
MAPK14,,,,,,,,,,,,JAK-STAT_pathway,,,,,,,,
MAPK8,,,,,,,,,,,,JAK-STAT_pathway,,Metastasis,,,,TGFB_pathway,,
MAPKAPK2,,,,,,,,,,,,JAK-STAT_pathway,,,,,,,,
MARCO,,,,,,,,,,,,JAK-STAT_pathway,,,,,,,,
MASP1,,,,,,,,,,,,JAK-STAT_pathway,,,,,,,,
MASP2,,,,,,,,,,,,JAK-STAT_pathway,,,,,,,,
MAVS,,,,,,,,,,,,JAK-STAT_pathway,,,,,,,,
MBL2,,,,,,,,,,,,JAK-STAT_pathway,,,,,,,,
MEFV,,,,,,,,,,,,JAK-STAT_pathway,,,,,,,,
MIF,,,,,,,,,,,,JAK-STAT_pathway,,,,,,,,
MST1R,,,,,,,,,,,,JAK-STAT_pathway,,,,,,,,
MX1,,,,,,,,,,,,JAK-STAT_pathway,,,,,,,,
NCF4,,,,,,,,,,,,JAK-STAT_pathway,,,,,,,,
NFKB2,,,,,,,,,,,,JAK-STAT_pathway,,,,,,,,
NLRC5,,,,,,,,,,,,JAK-STAT_pathway,,,,,,,,
NLRP3,,,,,,,,,,,,JAK-STAT_pathway,,,,,,,,
NOD1,,,,,,,,,,,,JAK-STAT_pathway,,,,,,,,
NOD2,,,,,,,,,,,,JAK-STAT_pathway,,,,,,,,
PIN1,,,,,,,,,,,,JAK-STAT_pathway,,,,,,,,
PPARG,,,,,,,,,,,,JAK-STAT_pathway,,,,,,,,Wnt_pathway
RIPK2,,,,,,,,,,,,JAK-STAT_pathway,,,,,,,,
S100A12,,,,,,,,,,,,JAK-STAT_pathway,,,,,,,,
S100B,,,,,,,,,,,,JAK-STAT_pathway,,,,,,,,
SAA1,,,,,,,,,,,,JAK-STAT_pathway,,,,,,,,
SIGIRR,,,,,,,,,,,,JAK-STAT_pathway,,,,,,,,
SLAMF7,,,,,,,,,,,,JAK-STAT_pathway,,,,,,,,
TAB1,,,,,,,,,,,,JAK-STAT_pathway,,,,,,,,
TANK,,,,,,,,,,,,JAK-STAT_pathway,,,,,,,,
TBK1,,,,,,,,,,,,JAK-STAT_pathway,,,,,,,,
TICAM1,,,,,,,,,,,,JAK-STAT_pathway,,,,,,,,
TICAM2,,,,,,,,,,,,JAK-STAT_pathway,,,,,,,,
TIRAP,,,,,,,,,,,,JAK-STAT_pathway,,,,,,,,
TLR1,,,,,,,,,,,,JAK-STAT_pathway,,,,,,,,
TLR10,,,,,,,,,,,,JAK-STAT_pathway,,,,,,,,
TLR2,,,,,,,,,,,,JAK-STAT_pathway,,,,,RAS_pathway,,,
TLR3,,,,,,,,,,,,JAK-STAT_pathway,,,,,,,,
TLR4,,,,,,,,,,,,JAK-STAT_pathway,,,Notch_pathway,,RAS_pathway,,,
TLR5,,,,,,,,,,,,JAK-STAT_pathway,,,,,,,,
TLR6,,,,,,,,,,,,JAK-STAT_pathway,,,,,,,,
TLR7,,,,,,,,,,,,JAK-STAT_pathway,,,,,,,,
TLR8,,,,,,,,,,,,JAK-STAT_pathway,,,,,,,,
TLR9,,,,,,,,,,,,JAK-STAT_pathway,,,,,,,,
TOLLIP,,,,,,,,,,,,JAK-STAT_pathway,,,,,,,,
TRAF2,,,,,,,,,,,,JAK-STAT_pathway,,,,,,,,
TRAF3,,,,,,,,,,,,JAK-STAT_pathway,,,,,,,,
TRAF6,,,,,,,,,,,,JAK-STAT_pathway,,,,,,,,
TXNIP,,,,,,,,,,,,JAK-STAT_pathway,,,Notch_pathway,,,,,
TYK2,,,,,,,,,,,,JAK-STAT_pathway,,,,,,,,
UBC,,,,,,,,,,,,JAK-STAT_pathway,,,,,,,,
CLCF1,,,,,,,,,,,,,MAPK_pathway,,,,,,,
CNTFR,,,,,,,,,,,,,MAPK_pathway,,,,,,,
CSF2,,,,,,,,,,,,,MAPK_pathway,,,,,,,Wnt_pathway
CSF3,,,,,,,,,,,,,MAPK_pathway,,,,RAS_pathway,,,
CSF3R,,,,,,,,,,,,,MAPK_pathway,,,,RAS_pathway,,,
EPO,,,,,,,,,,,,,MAPK_pathway,,,,RAS_pathway,,,
EPOR,,,,,,,,,,,,,MAPK_pathway,,,,RAS_pathway,,,
GHR,,,,,,,,,,,,,MAPK_pathway,,,,RAS_pathway,,,
GRB2,,,,,,,,,,,,,MAPK_pathway,Metastasis,,,RAS_pathway,TGFB_pathway,,
IL10,,,,,,,,,,,,,MAPK_pathway,,,,,,,
IL11,,,,,,,,,,,,,MAPK_pathway,,Notch_pathway,,,,,
IL11RA,,,,,,,,,,,,,MAPK_pathway,,,,,,,
IL19,,,,,,,,,,,,,MAPK_pathway,,,,,,,
IL20RA,,,,,,,,,,,,,MAPK_pathway,,,,,,,
IL20RB,,,,,,,,,,,,,MAPK_pathway,,,,,,,
IL22RA1,,,,,,,,,,,,,MAPK_pathway,,,,,,,
IL22RA2,,,,,,,,,,,,,MAPK_pathway,,,,,,,
IL23R,,,,,,,,,,,,,MAPK_pathway,,,,,,,
IL5RA,,,,,,,,,,,,,MAPK_pathway,,,,,,,
IL6R,,,,,,,,,,,,,MAPK_pathway,,,,RAS_pathway,,,
LEP,,,,,,,,,,,,,MAPK_pathway,,,,,,,
LEPR,,,,,,,,,,,,,MAPK_pathway,,,,,,,
LIF,,,,,,,,,,,,,MAPK_pathway,,,,,,,
LIFR,,,,,,,,,,,,,MAPK_pathway,,Notch_pathway,,,,,
OSM,,,,,,,,,,,,,MAPK_pathway,,,,RAS_pathway,,,
PIM1,,,,,,,,,,,,,MAPK_pathway,,,,,,,
PRL,,,,,,,,,,,,,MAPK_pathway,,,,RAS_pathway,,,
PRLR,,,,,,,,,,,,,MAPK_pathway,,,,RAS_pathway,,,
SOCS2,,,,,,,,,,,,,MAPK_pathway,,,,,,,
SOCS3,,,,,,,,,,,,,MAPK_pathway,,,,,,,
SOS1,,,,,,,,,,,,,MAPK_pathway,Metastasis,,,RAS_pathway,TGFB_pathway,,
SOS2,,,,,,,,,,,,,MAPK_pathway,Metastasis,,,RAS_pathway,TGFB_pathway,,
SPRY1,,,,,,,,,,,,,MAPK_pathway,,,,,,,
SPRY2,,,,,,,,,,,,,MAPK_pathway,,,,,,,
SPRY4,,,,,,,,,,,,,MAPK_pathway,,,,,,,
TPO,,,,,,,,,,,,,MAPK_pathway,,,,,,,
TSLP,,,,,,,,,,,,,MAPK_pathway,,,,,,,
BDNF,,,,,,,,,,,,,,Metastasis,,,,,,
CACNA1C,,,,,,,,,,,,,,Metastasis,,,,,,
CACNA1D,,,,,,,,,,,,,,Metastasis,,,,,,
CACNA1E,,,,,,,,,,,,,,Metastasis,,,,,,
CACNA1G,,,,,,,,,,,,,,Metastasis,,,,,,
CACNA1H,,,,,,,,,,,,,,Metastasis,,,,,,
CACNA2D1,,,,,,,,,,,,,,Metastasis,,,,,,
CACNA2D2,,,,,,,,,,,,,,Metastasis,,,,,,
CACNA2D3,,,,,,,,,,,,,,Metastasis,,,,,,
CACNA2D4,,,,,,,,,,,,,,Metastasis,,,,,,
CACNB2,,,,,,,,,,,,,,Metastasis,,,,,,
CACNB3,,,,,,,,,,,,,,Metastasis,,,,,,
CACNB4,,,,,,,,,,,,,,Metastasis,,,,,,
CACNG1,,,,,,,,,,,,,,Metastasis,,,,,,
CACNG4,,,,,,,,,,,,,,Metastasis,,,,,,
CACNG6,,,,,,,,,,,,,,Metastasis,,,,,,
DDIT3,,,,,,,,,,,,,,Metastasis,,,,,,Wnt_pathway
DUSP10,,,,,,,,,,,,,,Metastasis,,,,,,
DUSP2,,,,,,,,,,,,,,Metastasis,,,,,,
DUSP5,,,,,,,,,,,,,,Metastasis,,,,,,
DUSP8,,,,,,,,,,,,,,Metastasis,,,,,,
FGF1,,,,,,,,,,,,,,Metastasis,,,RAS_pathway,TGFB_pathway,,
FGF10,,,,,,,,,,,,,,Metastasis,,,RAS_pathway,TGFB_pathway,,
FGF11,,,,,,,,,,,,,,Metastasis,,,RAS_pathway,TGFB_pathway,,
FGF12,,,,,,,,,,,,,,Metastasis,,,RAS_pathway,TGFB_pathway,,
FGF13,,,,,,,,,,,,,,Metastasis,,,RAS_pathway,TGFB_pathway,,
FGF14,,,,,,,,,,,,,,Metastasis,,,RAS_pathway,TGFB_pathway,,
FGF16,,,,,,,,,,,,,,Metastasis,,,RAS_pathway,TGFB_pathway,,
FGF17,,,,,,,,,,,,,,Metastasis,,,RAS_pathway,TGFB_pathway,,
FGF19,,,,,,,,,,,,,,Metastasis,,,RAS_pathway,TGFB_pathway,,
FGF20,,,,,,,,,,,,,,Metastasis,,,RAS_pathway,TGFB_pathway,,
FGF21,,,,,,,,,,,,,,Metastasis,,,RAS_pathway,TGFB_pathway,,
FGF22,,,,,,,,,,,,,,Metastasis,,,RAS_pathway,TGFB_pathway,,
FGF23,,,,,,,,,,,,,,Metastasis,,,RAS_pathway,TGFB_pathway,,
FGF3,,,,,,,,,,,,,,Metastasis,,,RAS_pathway,TGFB_pathway,,
FGF4,,,,,,,,,,,,,,Metastasis,,,RAS_pathway,TGFB_pathway,,
FGF5,,,,,,,,,,,,,,Metastasis,,,RAS_pathway,TGFB_pathway,,
FGF6,,,,,,,,,,,,,,Metastasis,,,RAS_pathway,TGFB_pathway,,
FGF7,,,,,,,,,,,,,,Metastasis,,,RAS_pathway,TGFB_pathway,,
FGF8,,,,,,,,,,,,,,Metastasis,,,RAS_pathway,TGFB_pathway,,
FGFR4,,,,,,,,,,,,,,Metastasis,Notch_pathway,,RAS_pathway,TGFB_pathway,,
FLNA,,,,,,,,,,,,,,Metastasis,,,,,,
FLNC,,,,,,,,,,,,,,Metastasis,,,,,,
GNG12,,,,,,,,,,,,,,Metastasis,,,RAS_pathway,TGFB_pathway,,
HSPA1A,,,,,,,,,,,,,,Metastasis,,,,,,
HSPA2,,,,,,,,,,,,,,Metastasis,,,,,,
HSPA6,,,,,,,,,,,,,,Metastasis,,,,,,
IL1R2,,,,,,,,,,,,,,Metastasis,,,,,,Wnt_pathway
MAP2K6,,,,,,,,,,,,,,Metastasis,,,,,,
MAP3K13,,,,,,,,,,,,,,Metastasis,,,,,,
MAP3K8,,,,,,,,,,,,,,Metastasis,,,,,,
MAPK10,,,,,,,,,,,,,,Metastasis,,,,TGFB_pathway,,
MAPK12,,,,,,,,,,,,,,Metastasis,,,,,,
MAPK8IP1,,,,,,,,,,,,,,Metastasis,,,,,,
MAPK8IP2,,,,,,,,,,,,,,Metastasis,,,,,,
MAPK9,,,,,,,,,,,,,,Metastasis,,,,TGFB_pathway,,
MAPT,,,,,,,,,,,,,,Metastasis,,,,,,
MECOM,,,,,,,,,,,,,,Metastasis,,,,,,
NFATC1,,,,,,,,,,,,,,Metastasis,,,,,,
NTF3,,,,,,,,,,,,,,Metastasis,,,,,,
NTRK2,,,,,,,,,,,,,,Metastasis,,,,,,
PDGFB,,,,,,,,,,,,,,Metastasis,,,RAS_pathway,TGFB_pathway,,
PLA2G4A,,,,,,,,,,,,,,Metastasis,,,,TGFB_pathway,,
PLA2G4C,,,,,,,,,,,,,,Metastasis,,,,TGFB_pathway,,
PLA2G4E,,,,,,,,,,,,,,Metastasis,,,,TGFB_pathway,,
PLA2G4F,,,,,,,,,,,,,,Metastasis,,,,TGFB_pathway,,
PRKCA,,,,,,,,,,,,,,Metastasis,,,RAS_pathway,TGFB_pathway,,
PTPN5,,,,,,,,,,,,,,Metastasis,,,,,,
PTPRR,,,,,,,,,,,,,,Metastasis,,,,,,
RAC3,,,,,,,,,,,,,,Metastasis,,,,TGFB_pathway,,
RASGRF1,,,,,,,,,,,,,,Metastasis,,,,TGFB_pathway,,
RASGRF2,,,,,,,,,,,,,,Metastasis,,,,TGFB_pathway,,
RASGRP1,,,,,,,,,,,,,,Metastasis,,,,TGFB_pathway,,
RASGRP2,,,,,,,,,,,,,,Metastasis,,,,TGFB_pathway,,
RPS6KA6,,,,,,,,,,,,,,Metastasis,,,,,,
RRAS2,,,,,,,,,,,,,,Metastasis,,,,TGFB_pathway,,
STMN1,,,,,,,,,,,,,,Metastasis,,,,,,
ZAK,,,,,,,,,,,,,,Metastasis,,,,,,
ACTG2,,,,,,,,,,,,,,,Notch_pathway,,,,,
ALDOA,,,,,,,,,,,,,,,Notch_pathway,,,,,
BRMS1,,,,,,,,,,,,,,,Notch_pathway,,,,,
CADM1,,,,,,,,,,,,,,,Notch_pathway,,,,,
CAMK2A,,,,,,,,,,,,,,,Notch_pathway,,,,,
CAMK2B,,,,,,,,,,,,,,,Notch_pathway,,,,,
CAMK2D,,,,,,,,,,,,,,,Notch_pathway,,,,,
CD82,,,,,,,,,,,,,,,Notch_pathway,,,,,
CHD4,,,,,,,,,,,,,,,Notch_pathway,,,,,
CNN1,,,,,,,,,,,,,,,Notch_pathway,,,,,
CST7,,,,,,,,,,,,,,,Notch_pathway,,,,,
DCC,,,,,,,,,,,,,,,Notch_pathway,,,,,
DENR,,,,,,,,,,,,,,,Notch_pathway,,,,,
DLC1,,,,,,,,,,,,,,,Notch_pathway,,,,,
EGLN2,,,,,,,,,,,,,,,Notch_pathway,,,,,
EGLN3,,,,,,,,,,,,,,,Notch_pathway,,,,,
EIF4E2,,,,,,,,,,,,,,,Notch_pathway,,,,,
EIF4EBP1,,,,,,,,,,,,,,,Notch_pathway,,RAS_pathway,,,
ENO1,,,,,,,,,,,,,,,Notch_pathway,,,,,
ENO2,,,,,,,,,,,,,,,Notch_pathway,,,,,
ENO3,,,,,,,,,,,,,,,Notch_pathway,,,,,
ETV4,,,,,,,,,,,,,,,Notch_pathway,,,,,Wnt_pathway
GSN,,,,,,,,,,,,,,,Notch_pathway,,,,,
HK2,,,,,,,,,,,,,,,Notch_pathway,,,,,
HK3,,,,,,,,,,,,,,,Notch_pathway,,,,,
HKDC1,,,,,,,,,,,,,,,Notch_pathway,,,,,
HUNK,,,,,,,,,,,,,,,Notch_pathway,,,,,
KDM1A,,,,,,,,,,,,,,,Notch_pathway,,,,,
KISS1,,,,,,,,,,,,,,,Notch_pathway,,,,,
LDHA,,,,,,,,,,,,,,,Notch_pathway,,,,,
MED23,,,,,,,,,,,,,,,Notch_pathway,,,,,
MGAT5,,,,,,,,,,,,,,,Notch_pathway,,,,,
MT3,,,,,,,,,,,,,,,Notch_pathway,,,,,
MTA1,,,,,,,,,,,,,,,Notch_pathway,,,,,
MTBP,,,,,,,,,,,,,,,Notch_pathway,,,,,
MTOR,,,,,,,,,,,,,,,Notch_pathway,,RAS_pathway,,,
MYCL,,,,,,,,,,,,,,,Notch_pathway,,,,,
MYH11,,,,,,,,,,,,,,,Notch_pathway,,,,,
NDRG1,,,,,,,,,,,,,,,Notch_pathway,,,,,
NME1,,,,,,,,,,,,,,,Notch_pathway,,,,,
NME4,,,,,,,,,,,,,,,Notch_pathway,,,,,
NOS2,,,,,,,,,,,,,,,Notch_pathway,,,,,
NR4A3,,,,,,,,,,,,,,,Notch_pathway,,,,,Wnt_pathway
PDK1,,,,,,,,,,,,,,,Notch_pathway,,,,,
PEBP4,,,,,,,,,,,,,,,Notch_pathway,,,,,
PFKFB1,,,,,,,,,,,,,,,Notch_pathway,,,,,
PFKFB4,,,,,,,,,,,,,,,Notch_pathway,,,,,
PGK1,,,,,,,,,,,,,,,Notch_pathway,,,,,
PLAUR,,,,,,,,,,,,,,,Notch_pathway,,,,,
PTTG1,,,,,,,,,,,,,,,Notch_pathway,,,,,
RORB,,,,,,,,,,,,,,,Notch_pathway,,,,,
SET,,,,,,,,,,,,,,,Notch_pathway,,,,,
SLC2A1,,,,,,,,,,,,,,,Notch_pathway,,,,,
SNRPF,,,,,,,,,,,,,,,Notch_pathway,,,,,
SSTR2,,,,,,,,,,,,,,,Notch_pathway,,,,,
TCEB1,,,,,,,,,,,,,,,Notch_pathway,,,,,
TCEB2,,,,,,,,,,,,,,,Notch_pathway,,,,,
TCF20,,,,,,,,,,,,,,,Notch_pathway,,,,,
TF,,,,,,,,,,,,,,,Notch_pathway,,,,,
APH1B,,,,,,,,,,,,,,,,PI3K_pathway,,,,
DLL1,,,,,,,,,,,,,,,,PI3K_pathway,,,,
DLL3,,,,,,,,,,,,,,,,PI3K_pathway,,,,
DTX1,,,,,,,,,,,,,,,,PI3K_pathway,,,,
DTX3,,,,,,,,,,,,,,,,PI3K_pathway,,,,
DTX4,,,,,,,,,,,,,,,,PI3K_pathway,,,,
HES1,,,,,,,,,,,,,,,,PI3K_pathway,,,,
HES5,,,,,,,,,,,,,,,,PI3K_pathway,,,,
JAG2,,,,,,,,,,,,,,,,PI3K_pathway,,,,
KAT2B,,,,,,,,,,,,,,,,PI3K_pathway,,,,
LFNG,,,,,,,,,,,,,,,,PI3K_pathway,,,,
MAML2,,,,,,,,,,,,,,,,PI3K_pathway,,,,
MFNG,,,,,,,,,,,,,,,,PI3K_pathway,,,,
NOTCH3,,,,,,,,,,,,,,,,PI3K_pathway,,,,
NUMBL,,,,,,,,,,,,,,,,PI3K_pathway,,,,
PTCRA,,,,,,,,,,,,,,,,PI3K_pathway,,,,Wnt_pathway
CD19,,,,,,,,,,,,,,,,,RAS_pathway,,,
COL11A1,,,,,,,,,,,,,,,,,RAS_pathway,,,
COL11A2,,,,,,,,,,,,,,,,,RAS_pathway,,,
COL24A1,,,,,,,,,,,,,,,,,RAS_pathway,,,
COL27A1,,,,,,,,,,,,,,,,,RAS_pathway,,,
COL2A1,,,,,,,,,,,,,,,,,RAS_pathway,,,
COL4A3,,,,,,,,,,,,,,,,,RAS_pathway,,,
COL4A4,,,,,,,,,,,,,,,,,RAS_pathway,,,
COL4A5,,,,,,,,,,,,,,,,,RAS_pathway,,,
COL6A6,,,,,,,,,,,,,,,,,RAS_pathway,,,
CREB3L1,,,,,,,,,,,,,,,,,RAS_pathway,,,
CREB3L3,,,,,,,,,,,,,,,,,RAS_pathway,,,
CREB3L4,,,,,,,,,,,,,,,,,RAS_pathway,,,
DDIT4,,,,,,,,,,,,,,,,,RAS_pathway,,,
EFNA1,,,,,,,,,,,,,,,,,RAS_pathway,TGFB_pathway,,
EFNA2,,,,,,,,,,,,,,,,,RAS_pathway,TGFB_pathway,,
EFNA3,,,,,,,,,,,,,,,,,RAS_pathway,TGFB_pathway,,
EFNA5,,,,,,,,,,,,,,,,,RAS_pathway,TGFB_pathway,,
GNG4,,,,,,,,,,,,,,,,,RAS_pathway,TGFB_pathway,,
GNG7,,,,,,,,,,,,,,,,,RAS_pathway,TGFB_pathway,,
GNGT1,,,,,,,,,,,,,,,,,RAS_pathway,TGFB_pathway,,
IGF1R,,,,,,,,,,,,,,,,,RAS_pathway,TGFB_pathway,,Wnt_pathway
IRS1,,,,,,,,,,,,,,,,,RAS_pathway,,,
KITLG,,,,,,,,,,,,,,,,,RAS_pathway,TGFB_pathway,,
LAMB4,,,,,,,,,,,,,,,,,RAS_pathway,,,
LAMC3,,,,,,,,,,,,,,,,,RAS_pathway,,,
MYB,,,,,,,,,,,,,,,,,RAS_pathway,,,
NGFR,,,,,,,,,,,,,,,,,RAS_pathway,TGFB_pathway,,Wnt_pathway
PCK1,,,,,,,,,,,,,,,,,RAS_pathway,,,
PDGFD,,,,,,,,,,,,,,,,,RAS_pathway,TGFB_pathway,,
PGF,,,,,,,,,,,,,,,,,RAS_pathway,TGFB_pathway,,
PPP2R2B,,,,,,,,,,,,,,,,,RAS_pathway,,,
PPP2R2C,,,,,,,,,,,,,,,,,RAS_pathway,,,
PRKAA2,,,,,,,,,,,,,,,,,RAS_pathway,,,
SGK2,,,,,,,,,,,,,,,,,RAS_pathway,,,
TCL1B,,,,,,,,,,,,,,,,,RAS_pathway,,,
THEM4,,,,,,,,,,,,,,,,,RAS_pathway,,,
TNR,,,,,,,,,,,,,,,,,RAS_pathway,,,
CALML3,,,,,,,,,,,,,,,,,,TGFB_pathway,,
CALML5,,,,,,,,,,,,,,,,,,TGFB_pathway,,
CALML6,,,,,,,,,,,,,,,,,,TGFB_pathway,,
ETS2,,,,,,,,,,,,,,,,,,TGFB_pathway,,
GRIN1,,,,,,,,,,,,,,,,,,TGFB_pathway,,
GRIN2A,,,,,,,,,,,,,,,,,,TGFB_pathway,,
GRIN2B,,,,,,,,,,,,,,,,,,TGFB_pathway,,
LAT,,,,,,,,,,,,,,,,,,TGFB_pathway,,
MLLT4,,,,,,,,,,,,,,,,,,TGFB_pathway,,
PAK3,,,,,,,,,,,,,,,,,,TGFB_pathway,,
PAK7,,,,,,,,,,,,,,,,,,TGFB_pathway,,
PLA1A,,,,,,,,,,,,,,,,,,TGFB_pathway,,
PLA2G5,,,,,,,,,,,,,,,,,,TGFB_pathway,,
PLCE1,,,,,,,,,,,,,,,,,,TGFB_pathway,,
PLD1,,,,,,,,,,,,,,,,,,TGFB_pathway,,
RASA4,,,,,,,,,,,,,,,,,,TGFB_pathway,,
RASAL1,,,,,,,,,,,,,,,,,,TGFB_pathway,,
RIN1,,,,,,,,,,,,,,,,,,TGFB_pathway,,
SHC1,,,,,,,,,,,,,,,,,,TGFB_pathway,,
SHC2,,,,,,,,,,,,,,,,,,TGFB_pathway,,
SHC3,,,,,,,,,,,,,,,,,,TGFB_pathway,,
SHC4,,,,,,,,,,,,,,,,,,TGFB_pathway,,
TIAM1,,,,,,,,,,,,,,,,,,TGFB_pathway,,
ACVR2A,,,,,,,,,,,,,,,,,,,Transcriptional_misregulation,
BAMBI,,,,,,,,,,,,,,,,,,,Transcriptional_misregulation,
BMP6,,,,,,,,,,,,,,,,,,,Transcriptional_misregulation,
BMP8A,,,,,,,,,,,,,,,,,,,Transcriptional_misregulation,
INHBB,,,,,,,,,,,,,,,,,,,Transcriptional_misregulation,
LEFTY2,,,,,,,,,,,,,,,,,,,Transcriptional_misregulation,
LTBP1,,,,,,,,,,,,,,,,,,,Transcriptional_misregulation,
NOG,,,,,,,,,,,,,,,,,,,Transcriptional_misregulation,
ARNT2,,,,,,,,,,,,,,,,,,,,Wnt_pathway
BAIAP3,,,,,,,,,,,,,,,,,,,,Wnt_pathway
BCL2A1,,,,,,,,,,,,,,,,,,,,Wnt_pathway
CEBPE,,,,,,,,,,,,,,,,,,,,Wnt_pathway
ETV1,,,,,,,,,,,,,,,,,,,,Wnt_pathway
ETV7,,,,,,,,,,,,,,,,,,,,Wnt_pathway
EYA1,,,,,,,,,,,,,,,,,,,,Wnt_pathway
FUT8,,,,,,,,,,,,,,,,,,,,Wnt_pathway
GRIA3,,,,,,,,,,,,,,,,,,,,Wnt_pathway
H3F3C,,,,,,,,,,,,,,,,,,,,Wnt_pathway
HHEX,,,,,,,,,,,,,,,,,,,,Wnt_pathway
HIST1H3G,,,,,,,,,,,,,,,,,,,,Wnt_pathway
HIST1H3H,,,,,,,,,,,,,,,,,,,,Wnt_pathway
HMGA2,,,,,,,,,,,,,,,,,,,,Wnt_pathway
HOXA10,,,,,,,,,,,,,,,,,,,,Wnt_pathway
HOXA11,,,,,,,,,,,,,,,,,,,,Wnt_pathway
HOXA9,,,,,,,,,,,,,,,,,,,,Wnt_pathway
HPGD,,,,,,,,,,,,,,,,,,,,Wnt_pathway
IGFBP3,,,,,,,,,,,,,,,,,,,,Wnt_pathway
MLF1,,,,,,,,,,,,,,,,,,,,Wnt_pathway
MLLT3,,,,,,,,,,,,,,,,,,,,Wnt_pathway
MPO,,,,,,,,,,,,,,,,,,,,Wnt_pathway
MYCN,,,,,,,,,,,,,,,,,,,,Wnt_pathway
NFKBIZ,,,,,,,,,,,,,,,,,,,,Wnt_pathway
NUPR1,,,,,,,,,,,,,,,,,,,,Wnt_pathway
PAX3,,,,,,,,,,,,,,,,,,,,Wnt_pathway
PAX8,,,,,,,,,,,,,,,,,,,,Wnt_pathway
PBX1,,,,,,,,,,,,,,,,,,,,Wnt_pathway
PBX3,,,,,,,,,,,,,,,,,,,,Wnt_pathway
PLAT,,,,,,,,,,,,,,,,,,,,Wnt_pathway
PML,,,,,,,,,,,,,,,,,,,,Wnt_pathway
RXRG,,,,,,,,,,,,,,,,,,,,Wnt_pathway
SIN3A,,,,,,,,,,,,,,,,,,,,Wnt_pathway
SIX1,,,,,,,,,,,,,,,,,,,,Wnt_pathway
SSX1,,,,,,,,,,,,,,,,,,,,Wnt_pathway
TLX1,,,,,,,,,,,,,,,,,,,,Wnt_pathway
TSPAN7,,,,,,,,,,,,,,,,,,,,Wnt_pathway
UTY,,,,,,,,,,,,,,,,,,,,Wnt_pathway
WHSC1,,,,,,,,,,,,,,,,,,,,Wnt_pathway
ZBTB16,,,,,,,,,,,,,,,,,,,,Wnt_pathway
AXIN2,,,,,,,,,,,,,,,,,,,,
CXXC4,,,,,,,,,,,,,,,,,,,,
DKK1,,,,,,,,,,,,,,,,,,,,
DKK2,,,,,,,,,,,,,,,,,,,,
DKK4,,,,,,,,,,,,,,,,,,,,
FOSL1,,,,,,,,,,,,,,,,,,,,
FZD10,,,,,,,,,,,,,,,,,,,,
FZD2,,,,,,,,,,,,,,,,,,,,
FZD3,,,,,,,,,,,,,,,,,,,,
FZD7,,,,,,,,,,,,,,,,,,,,
FZD8,,,,,,,,,,,,,,,,,,,,
FZD9,,,,,,,,,,,,,,,,,,,,
GPC4,,,,,,,,,,,,,,,,,,,,
LEF1,,,,,,,,,,,,,,,,,,,,
MMP7,,,,,,,,,,,,,,,,,,,,
NKD1,,,,,,,,,,,,,,,,,,,,
PLCB1,,,,,,,,,,,,,,,,,,,,
PLCB4,,,,,,,,,,,,,,,,,,,,
SFRP4,,,,,,,,,,,,,,,,,,,,
SOST,,,,,,,,,,,,,,,,,,,,
TBL1XR1,,,,,,,,,,,,,,,,,,,,
TCF7L1,,,,,,,,,,,,,,,,,,,,
WIF1,,,,,,,,,,,,,,,,,,,,
